book_title,author,goodreads_url,reviews_count,avg_rating,shelves,date_scraped,status,book_id
book_235684270,,https://www.goodreads.com/book/show/235684270-only-for-him,,,,2026-07-21,error_202,235684270
book_56553921,,https://www.goodreads.com/book/show/56553921-the-unselected-journals-of-emma-m-lion,,,,2026-07-21,error_202,56553921
book_216594909,,https://www.goodreads.com/book/show/216594909-it-seemed-like-a-good-idea,,,,2026-07-21,error_202,216594909
book_233809901,,https://www.goodreads.com/book/show/233809901-whisper-sweet-nothings,,,,2026-07-21,error_202,233809901
book_220637398,,https://www.goodreads.com/book/show/220637398-gloves-off,,,,2026-07-21,error_202,220637398
book_245576121,,https://www.goodreads.com/book/show/245576121-time-will-tell,,,,2026-07-21,error_202,245576121
book_218405601,,https://www.goodreads.com/book/show/218405601-riftborne,,,,2026-07-21,error_202,218405601
book_240693004,,https://www.goodreads.com/book/show/240693004-doppelb-nger,,,,2026-07-21,error_202,240693004
book_235289966,,https://www.goodreads.com/book/show/235289966-royal-spin,,,,2026-07-21,error_202,235289966
book_236608663,,https://www.goodreads.com/book/show/236608663-margin-of-error,,,,2026-07-21,error_202,236608663
book_235699058,,https://www.goodreads.com/book/show/235699058-you-me-and-you-me-and-you-me,,,,2026-07-21,error_202,235699058
book_231127275,,https://www.goodreads.com/book/show/231127275-the-halifax-hellions,,,,2026-07-21,error_202,231127275
book_235992101,,https://www.goodreads.com/book/show/235992101-love-me-tomorrow,,,,2026-07-21,error_202,235992101
book_234943248,,https://www.goodreads.com/book/show/234943248-the-heir-of-whitestone,,,,2026-07-21,error_202,234943248
book_246544359,,https://www.goodreads.com/book/show/246544359-highland-hideaway,,,,2026-07-21,error_202,246544359
book_232794581,,https://www.goodreads.com/book/show/232794581-the-end-of-romance,,,,2026-07-21,error_202,232794581
book_235993096,,https://www.goodreads.com/book/show/235993096-if-only-you-knew,,,,2026-07-21,error_202,235993096
book_241858336,,https://www.goodreads.com/book/show/241858336-take-my-kiss,,,,2026-07-21,error_202,241858336
book_237696908,,https://www.goodreads.com/book/show/237696908-an-unconventional-lady,,,,2026-07-21,error_202,237696908
book_233717173,,https://www.goodreads.com/book/show/233717173-to-the-death,,,,2026-07-21,error_202,233717173
book_231474495,,https://www.goodreads.com/book/show/231474495-all-we-once-had,,,,2026-07-21,error_202,231474495
book_234943640,,https://www.goodreads.com/book/show/234943640-limelight,,,,2026-07-21,error_202,234943640
book_231363318,,https://www.goodreads.com/book/show/231363318-just-between-us,,,,2026-07-21,error_202,231363318
book_236304737,,https://www.goodreads.com/book/show/236304737-mists-over-the-channel-islands,,,,2026-07-21,error_202,236304737
book_236304677,,https://www.goodreads.com/book/show/236304677-taming-lady-temperance,,,,2026-07-21,error_202,236304677
book_236304625,,https://www.goodreads.com/book/show/236304625-marrying-the-matchmaker,,,,2026-07-21,error_202,236304625
book_236304645,,https://www.goodreads.com/book/show/236304645-deadly-currents,,,,2026-07-21,error_202,236304645
book_228846700,,https://www.goodreads.com/book/show/228846700-love-from-the-cosmos,,,,2026-07-21,error_202,228846700
book_235629766,,https://www.goodreads.com/book/show/235629766-the-boyfriend-launcher,,,,2026-07-21,error_202,235629766
book_236064352,,https://www.goodreads.com/book/show/236064352-red-star-rebels,,,,2026-07-21,error_202,236064352
book_215592943,,https://www.goodreads.com/book/show/215592943-reunions,,,,2026-07-21,error_202,215592943
book_220329685,,https://www.goodreads.com/book/show/220329685-logan-rose,,,,2026-07-21,error_202,220329685
book_239263911,,https://www.goodreads.com/book/show/239263911-live-love-lasso,,,,2026-07-21,error_202,239263911
book_239420580,,https://www.goodreads.com/book/show/239420580-like-a-wildflower,,,,2026-07-21,error_202,239420580
book_232477298,,https://www.goodreads.com/book/show/232477298-i-ve-got-a-crush-on-you,,,,2026-07-21,error_202,232477298
book_243208944,,https://www.goodreads.com/book/show/243208944-a-novel-engagement,,,,2026-07-21,error_202,243208944
book_239271213,,https://www.goodreads.com/book/show/239271213-obsidian-empire,,,,2026-07-21,error_202,239271213
book_240561647,,https://www.goodreads.com/book/show/240561647-as-old-as-thyme,,,,2026-07-21,error_202,240561647
book_244419365,,https://www.goodreads.com/book/show/244419365-aflame,,,,2026-07-21,error_202,244419365
book_245041235,,https://www.goodreads.com/book/show/245041235-how-to-resist-your-boss,,,,2026-07-21,error_202,245041235
book_228315636,,https://www.goodreads.com/book/show/228315636-the-spirit-of-love,,,,2026-07-21,error_202,228315636
book_247112834,,https://www.goodreads.com/book/show/247112834-47-akatsuki-no-yona-47,,,,2026-07-21,error_202,247112834
book_246246213,,https://www.goodreads.com/book/show/246246213-the-meet-and-greet,,,,2026-07-21,error_202,246246213
book_245280402,,https://www.goodreads.com/book/show/245280402-oh-my-secret-wedding-valentine,,,,2026-07-21,error_202,245280402
book_238714240,,https://www.goodreads.com/book/show/238714240-a-most-unsuitable-suitor,,,,2026-07-21,error_202,238714240
book_239247301,,https://www.goodreads.com/book/show/239247301-the-cottage-at-the-edge-of-the-woods,,,,2026-07-21,error_202,239247301
book_236864216,,https://www.goodreads.com/book/show/236864216-a-rancher-for-easter,,,,2026-07-21,error_202,236864216
book_231127484,,https://www.goodreads.com/book/show/231127484-most-eligible,,,,2026-07-21,error_202,231127484
book_231127266,,https://www.goodreads.com/book/show/231127266-the-odds-of-you,,,,2026-07-21,error_202,231127266
book_231681790,,https://www.goodreads.com/book/show/231681790-the-elsewhere-express,,,,2026-07-21,error_202,231681790
book_235724216,,https://www.goodreads.com/book/show/235724216-fruit-of-the-flesh,,,,2026-07-21,error_202,235724216
book_232206235,,https://www.goodreads.com/book/show/232206235-sunk-in-love,,,,2026-07-21,error_202,232206235
book_231363394,,https://www.goodreads.com/book/show/231363394-dandelion-is-dead,,,,2026-07-21,error_202,231363394
book_243266087,,https://www.goodreads.com/book/show/243266087-the-moments-we-made-ours,,,,2026-07-21,error_202,243266087
book_235992407,,https://www.goodreads.com/book/show/235992407-a-killer-kind-of-romance,942.0,3.85,"{""romance"": null, ""mystery"": null, ""contemporary romance"": null, ""contemporary"": null, ""audiobook"": null, ""romantic suspense"": null, ""fiction"": null, ""adult"": null, ""mystery thriller"": null, ""thriller"": null}",2026-07-21,success,235992407
book_231108837,,https://www.goodreads.com/book/show/231108837-drive-me-crazy,1338.0,3.48,"{""romance"": null, ""sports romance"": null, ""sports"": null, ""contemporary romance"": null, ""contemporary"": null, ""fiction"": null, ""audiobook"": null, ""adult"": null, ""workplace romance"": null, ""forced proximity"": null}",2026-07-21,success,231108837
book_231127304,,https://www.goodreads.com/book/show/231127304-last-first-kiss,760.0,3.86,"{""romance"": null, ""lgbt"": null, ""contemporary"": null, ""queer"": null, ""fiction"": null, ""m m romance"": null, ""contemporary romance"": null, ""friends to lovers"": null, ""adult"": null, ""audiobook"": null}",2026-07-21,success,231127304
book_231127199,,https://www.goodreads.com/book/show/231127199-cross-your-heart-and-hope-he-dies,561.0,3.63,"{""romance"": null, ""mystery"": null, ""cozy mystery"": null, ""audiobook"": null, ""fiction"": null, ""mystery thriller"": null, ""contemporary romance"": null, ""adult"": null, ""cozy"": null, ""contemporary"": null}",2026-07-21,success,231127199
book_231388887,,https://www.goodreads.com/book/show/231388887-fundamentals-of-being-a-good-girl,1825.0,3.71,"{""romance"": null, ""audiobook"": null, ""contemporary"": null, ""contemporary romance"": null, ""forced proximity"": null, ""workplace romance"": null, ""adult"": null, ""smut"": null, ""spicy"": null, ""fiction"": null}",2026-07-21,success,231388887
book_231363384,,https://www.goodreads.com/book/show/231363384-the-lust-crusade,487.0,3.71,"{""romance"": null, ""contemporary romance"": null, ""audiobook"": null, ""contemporary"": null, ""adventure"": null, ""fiction"": null, ""adult"": null, ""friends to lovers"": null, ""chick lit"": null, ""forced proximity"": null}",2026-07-21,success,231363384
book_231681642,,https://www.goodreads.com/book/show/231681642-our-ex-s-wedding,270.0,3.57,"{""romance"": null, ""contemporary"": null, ""audiobook"": null, ""fiction"": null, ""queer"": null, ""lgbt"": null, ""contemporary romance"": null, ""adult"": null, ""chick lit"": null, ""humor"": null}",2026-07-21,success,231681642
book_232737585,,https://www.goodreads.com/book/show/232737585-only-on-gameday,720.0,3.75,"{""romance"": null, ""sports"": null, ""sports romance"": null, ""audiobook"": null, ""fake dating"": null, ""contemporary romance"": null, ""friends to lovers"": null, ""contemporary"": null, ""football"": null, ""new adult"": null}",2026-07-21,success,232737585
book_231681643,,https://www.goodreads.com/book/show/231681643-anne-of-a-different-island,340.0,3.58,"{""romance"": null, ""contemporary"": null, ""retellings"": null, ""fiction"": null, ""adult fiction"": null, ""contemporary romance"": null, ""audiobook"": null, ""summer"": null, ""adult"": null, ""books about books"": null}",2026-07-21,success,231681643
book_228646326,,https://www.goodreads.com/book/show/228646326-dom-com,1543.0,3.61,"{""romance"": null, ""contemporary romance"": null, ""audiobook"": null, ""contemporary"": null, ""bdsm"": null, ""workplace romance"": null, ""fiction"": null, ""forced proximity"": null, ""rom com"": null, ""spicy"": null}",2026-07-21,success,228646326
book_235993050,,https://www.goodreads.com/book/show/235993050-see-you-at-the-summit,269.0,3.43,"{""romance"": null, ""lgbt"": null, ""contemporary"": null, ""queer"": null, ""fiction"": null, ""contemporary romance"": null, ""canada"": null, ""adult"": null, ""audiobook"": null, ""forced proximity"": null}",2026-07-21,success,235993050
book_231363392,,https://www.goodreads.com/book/show/231363392-for-our-next-song,128.0,3.83,"{""romance"": null, ""lesbian"": null, ""contemporary"": null, ""queer"": null, ""lgbt"": null, ""music"": null, ""fiction"": null, ""adult"": null, ""audiobook"": null, ""friends to lovers"": null}",2026-07-21,success,231363392
book_239677833,,https://www.goodreads.com/book/show/239677833-paper-hearts,238.0,4.14,"{""romance"": null, ""forced proximity"": null, ""slow burn"": null, ""contemporary romance"": null, ""contemporary"": null, ""fake dating"": null, ""spicy"": null, ""celebrity romance"": null}",2026-07-21,success,239677833
book_232884459,,https://www.goodreads.com/book/show/232884459-next-level-love,525.0,3.86,"{""romance"": null, ""audiobook"": null, ""contemporary"": null, ""contemporary romance"": null, ""friends to lovers"": null, ""fiction"": null, ""forced proximity"": null, ""workplace romance"": null, ""adult"": null, ""disability"": null}",2026-07-21,success,232884459
book_244971540,,https://www.goodreads.com/book/show/244971540-the-other-side-of-goodbye,63.0,3.93,"{""romance"": null, ""contemporary romance"": null, ""contemporary"": null, ""inspirational"": null, ""christian"": null, ""christian fiction"": null}",2026-07-21,success,244971540
book_210091293,,https://www.goodreads.com/book/show/210091293-we-ve-hit-turbulence,163.0,3.72,"{""romance"": null, ""young adult"": null, ""contemporary"": null, ""young adult romance"": null, ""contemporary romance"": null, ""second chance"": null, ""fiction"": null, ""teen"": null, ""forced proximity"": null, ""second chance romance"": null}",2026-07-21,success,210091293
book_239921874,,https://www.goodreads.com/book/show/239921874-mortal-remains,63.0,4.48,"{""romantic suspense"": null, ""contemporary romance"": null}",2026-07-21,success,239921874
book_231466533,,https://www.goodreads.com/book/show/231466533-their-campfire-romance,5.0,4.35,"{""romance"": null, ""contemporary romance"": null, ""contemporary"": null}",2026-07-21,success,231466533
book_245875791,,https://www.goodreads.com/book/show/245875791-zeke-de-los-santos-talks-about-his-feelings,34.0,4.76,"{""romance"": null, ""contemporary romance"": null}",2026-07-21,success,245875791
book_231126993,,https://www.goodreads.com/book/show/231126993-graceless-heart,3382.0,3.53,"{""fantasy"": null, ""romance"": null, ""romantasy"": null, ""historical fiction"": null, ""historical"": null, ""adult"": null, ""historical fantasy"": null, ""fiction"": null, ""audiobook"": null, ""fantasy romance"": null}",2026-07-21,success,231126993
book_231387291,,https://www.goodreads.com/book/show/231387291-the-wolf-and-the-crown-of-blood,2339.0,4.1,"{""fantasy"": null, ""romantasy"": null, ""romance"": null, ""dark romance"": null, ""enemies to lovers"": null, ""fantasy romance"": null, ""spicy"": null, ""dark"": null, ""adult"": null, ""audiobook"": null}",2026-07-21,success,231387291
book_203938054,,https://www.goodreads.com/book/show/203938054-rings-of-fate,1993.0,3.52,"{""fantasy"": null, ""romance"": null, ""romantasy"": null, ""fantasy romance"": null, ""audiobook"": null, ""fiction"": null, ""adult"": null, ""magic"": null, ""enemies to lovers"": null, ""adventure"": null}",2026-07-21,success,203938054
book_228393488,,https://www.goodreads.com/book/show/228393488-the-swan-s-daughter,2574.0,3.91,"{""fantasy"": null, ""romance"": null, ""young adult"": null, ""romantasy"": null, ""retellings"": null, ""audiobook"": null, ""fiction"": null, ""young adult fantasy"": null, ""fantasy romance"": null, ""magic"": null}",2026-07-21,success,228393488
book_232207676,,https://www.goodreads.com/book/show/232207676-we-who-have-no-gods,688.0,3.62,"{""fantasy"": null, ""romantasy"": null, ""dark academia"": null, ""romance"": null, ""witches"": null, ""fiction"": null, ""adult"": null, ""fantasy romance"": null, ""gothic"": null, ""magic"": null}",2026-07-21,success,232207676
book_216812413,,https://www.goodreads.com/book/show/216812413-dragon-cursed,1263.0,3.82,"{""fantasy"": null, ""dragons"": null, ""romantasy"": null, ""young adult"": null, ""romance"": null, ""audiobook"": null, ""fantasy romance"": null, ""fiction"": null, ""young adult fantasy"": null, ""high fantasy"": null}",2026-07-21,success,216812413
book_231363111,,https://www.goodreads.com/book/show/231363111-the-book-of-blood-and-roses,1505.0,3.9,"{""fantasy"": null, ""vampires"": null, ""romance"": null, ""lesbian"": null, ""queer"": null, ""romantasy"": null, ""lgbt"": null, ""paranormal"": null, ""dark academia"": null, ""adult"": null}",2026-07-21,success,231363111
book_232884069,,https://www.goodreads.com/book/show/232884069-how-to-lose-a-goblin-in-ten-days,1343.0,3.61,"{""fantasy"": null, ""romance"": null, ""cozy"": null, ""cozy fantasy"": null, ""romantasy"": null, ""fiction"": null, ""queer"": null, ""audiobook"": null, ""adult"": null, ""lgbt"": null}",2026-07-21,success,232884069
book_244484487,,https://www.goodreads.com/book/show/244484487-king-of-ravens,1555.0,3.92,"{""fantasy"": null, ""romantasy"": null, ""romance"": null, ""fantasy romance"": null, ""fae"": null, ""adult"": null, ""enemies to lovers"": null, ""magic"": null, ""retellings"": null, ""slow burn"": null}",2026-07-21,success,244484487
book_231126663,,https://www.goodreads.com/book/show/231126663-a-war-of-wyverns,962.0,3.89,"{""fantasy"": null, ""dragons"": null, ""young adult"": null, ""romantasy"": null, ""audiobook"": null, ""historical"": null, ""historical fiction"": null, ""romance"": null, ""dark academia"": null, ""young adult fantasy"": null}",2026-07-21,success,231126663
book_227884039,,https://www.goodreads.com/book/show/227884039-silver-blood,1367.0,3.77,"{""fantasy"": null, ""romantasy"": null, ""romance"": null, ""fantasy romance"": null, ""magic"": null, ""audiobook"": null, ""fae"": null, ""adult"": null, ""fiction"": null, ""forced proximity"": null}",2026-07-21,success,227884039
book_239464762,,https://www.goodreads.com/book/show/239464762-jealous-rage,271.0,3.91,"{""dark romance"": null, ""romance"": null, ""dark academia"": null, ""fantasy"": null, ""romantasy"": null, ""forced proximity"": null, ""dark"": null, ""adult"": null, ""college"": null, ""fiction"": null}",2026-07-21,success,239464762
book_228342262,,https://www.goodreads.com/book/show/228342262-a-barista-s-guide-to-love-larceny,166.0,3.84,"{""fantasy"": null, ""romance"": null, ""young adult"": null, ""cozy fantasy"": null, ""cozy"": null, ""fiction"": null, ""romantasy"": null, ""magic"": null, ""fantasy romance"": null, ""audiobook"": null}",2026-07-21,success,228342262
book_231363365,,https://www.goodreads.com/book/show/231363365-the-younger-gods,103.0,3.96,"{""fantasy"": null, ""romance"": null, ""romantasy"": null, ""retellings"": null, ""fiction"": null, ""adult"": null, ""fantasy romance"": null, ""mythology"": null, ""greek mythology"": null, ""gods"": null}",2026-07-21,success,231363365
book_236064347,,https://www.goodreads.com/book/show/236064347-tidespeaker,199.0,3.65,"{""fantasy"": null, ""young adult"": null, ""romantasy"": null, ""mystery"": null, ""romance"": null, ""gothic"": null, ""young adult fantasy"": null, ""magic"": null, ""fiction"": null, ""fantasy romance"": null}",2026-07-21,success,236064347
book_247234259,,https://www.goodreads.com/book/show/247234259-darkest-destiny,316.0,4.01,"{""dark romance"": null, ""fantasy"": null, ""dark"": null, ""romance"": null, ""enemies to lovers"": null, ""romantasy"": null, ""paranormal"": null, ""slow burn"": null, ""forced proximity"": null, ""adult"": null}",2026-07-21,success,247234259
book_231126923,,https://www.goodreads.com/book/show/231126923-enchanting-the-fae-queen,452.0,3.76,"{""fantasy"": null, ""romance"": null, ""romantasy"": null, ""audiobook"": null, ""adult"": null, ""fantasy romance"": null, ""magic"": null, ""fae"": null, ""cozy"": null, ""fiction"": null}",2026-07-21,success,231126923
book_228342391,,https://www.goodreads.com/book/show/228342391-if-all-the-stars-go-dark,356.0,4.13,"{""science fiction"": null, ""romance"": null, ""young adult"": null, ""lgbt"": null, ""queer"": null, ""fantasy"": null, ""m m romance"": null, ""space"": null, ""found family"": null, ""gay"": null}",2026-07-21,success,228342391
book_231580181,,https://www.goodreads.com/book/show/231580181-into-the-midnight-wood,194.0,3.8,"{""fantasy"": null, ""romance"": null, ""queer"": null, ""lgbt"": null, ""adult"": null, ""fiction"": null, ""magical realism"": null, ""cozy"": null, ""romantasy"": null, ""contemporary"": null}",2026-07-21,success,231580181
book_228539437,,https://www.goodreads.com/book/show/228539437-sparking-fire-out-of-fate,300.0,4.14,"{""fantasy"": null, ""young adult"": null, ""romance"": null, ""romantasy"": null, ""magic"": null, ""young adult fantasy"": null, ""audiobook"": null, ""lgbt"": null, ""fiction"": null, ""high fantasy"": null}",2026-07-21,success,228539437
book_231681144,,https://www.goodreads.com/book/show/231681144-a-wild-radiance,142.0,3.78,"{""fantasy"": null, ""young adult"": null, ""queer"": null, ""romance"": null, ""lgbt"": null, ""young adult fantasy"": null, ""fiction"": null, ""polyamory"": null, ""dystopia"": null, ""steampunk"": null}",2026-07-21,success,231681144
book_242678400,,https://www.goodreads.com/book/show/242678400-until-i-die,632.0,4.0,"{""dystopia"": null, ""fantasy"": null, ""romantasy"": null, ""romance"": null, ""dark romance"": null, ""enemies to lovers"": null, ""dark"": null, ""adult"": null, ""fantasy romance"": null, ""audiobook"": null}",2026-07-21,success,242678400
book_214340627,,https://www.goodreads.com/book/show/214340627-king-of-beasts,162.0,4.27,"{""fantasy"": null, ""romance"": null, ""romantasy"": null, ""young adult"": null, ""fantasy romance"": null, ""young adult fantasy"": null, ""magic"": null, ""dragons"": null, ""audiobook"": null, ""fiction"": null}",2026-07-21,success,214340627
book_238770996,,https://www.goodreads.com/book/show/238770996-when-fate-is-cruel,410.0,4.55,"{""fantasy"": null, ""romantasy"": null, ""fae"": null, ""pirates"": null, ""fiction"": null, ""novella"": null, ""romance"": null, ""dark fantasy"": null, ""found family"": null, ""fantasy romance"": null}",2026-07-21,success,238770996
book_230082304,,https://www.goodreads.com/book/show/230082304-a-heart-so-green,150.0,3.9,"{""fantasy"": null, ""adult"": null, ""romantasy"": null, ""romance"": null, ""fae"": null, ""fantasy romance"": null, ""audiobook"": null, ""science fiction fantasy"": null, ""epic fantasy"": null, ""retellings"": null}",2026-07-21,success,230082304
book_241869454,,https://www.goodreads.com/book/show/241869454-bound-by-the-sky,426.0,4.41,"{""fantasy"": null, ""romantasy"": null, ""romance"": null, ""steampunk"": null, ""pirates"": null, ""adventure"": null, ""slow burn"": null, ""fantasy romance"": null, ""adult"": null, ""new adult"": null}",2026-07-21,success,241869454
book_228845026,,https://www.goodreads.com/book/show/228845026-wicked-thieves,36.0,3.83,"{""fantasy"": null, ""romantasy"": null, ""fantasy romance"": null, ""gothic"": null, ""forced proximity"": null, ""romance"": null}",2026-07-21,success,228845026
book_63929975,,https://www.goodreads.com/book/show/63929975-a-crown-of-stars-and-shadows,1.0,1.0,"{""fantasy"": null, ""fantasy romance"": null, ""booktok"": null, ""romantasy"": null, ""enemies to lovers"": null}",2026-07-21,success,63929975
book_221267821,,https://www.goodreads.com/book/show/221267821-royals-of-darkness,15.0,3.84,"{""fantasy"": null, ""german literature"": null, ""romance"": null, ""romantasy"": null}",2026-07-21,success,221267821
book_244322526,,https://www.goodreads.com/book/show/244322526-starlight-and-shadows,181.0,4.14,"{""fantasy"": null, ""romantasy"": null}",2026-07-21,success,244322526
book_246805393,,https://www.goodreads.com/book/show/246805393-the-flame-and-the-dragon,31.0,4.24,"{""romance"": null, ""romantasy"": null, ""dragons"": null, ""paranormal"": null}",2026-07-21,success,246805393
book_246003802,,https://www.goodreads.com/book/show/246003802-faking-cinderella,352.0,4.43,"{""romance"": null, ""audiobook"": null, ""rom com"": null, ""contemporary romance"": null, ""forced proximity"": null, ""contemporary"": null, ""enemies to lovers"": null, ""small town romance"": null, ""fiction"": null, ""found family"": null}",2026-07-21,success,246003802
book_228691222,,https://www.goodreads.com/book/show/228691222-remain,8096.0,3.77,"{""romance"": null, ""fiction"": null, ""mystery"": null, ""audiobook"": null, ""thriller"": null, ""paranormal"": null, ""book club"": null, ""fantasy"": null, ""mystery thriller"": null, ""supernatural"": null}",2026-07-21,success,228691222
book_222946916,,https://www.goodreads.com/book/show/222946916-for-whom-the-belle-tolls,9873.0,4.32,"{""fantasy"": null, ""romance"": null, ""romantasy"": null, ""audiobook"": null, ""paranormal"": null, ""fiction"": null, ""demons"": null, ""fantasy romance"": null, ""adult"": null, ""spicy"": null}",2026-07-21,success,222946916
book_216602917,,https://www.goodreads.com/book/show/216602917-a-curse-carved-in-bone,9685.0,3.9,"{""fantasy"": null, ""romantasy"": null, ""romance"": null, ""audiobook"": null, ""mythology"": null, ""fantasy romance"": null, ""fiction"": null, ""adult"": null, ""magic"": null, ""enemies to lovers"": null}",2026-07-21,success,216602917
book_209456110,,https://www.goodreads.com/book/show/209456110-tale-of-the-heart-queen,5958.0,3.85,"{""fantasy"": null, ""romantasy"": null, ""romance"": null, ""audiobook"": null, ""fae"": null, ""fantasy romance"": null, ""magic"": null, ""fiction"": null, ""spicy"": null, ""enemies to lovers"": null}",2026-07-21,success,209456110
Forbidden Summit (2023 Edition),Kirk J Pocan,https://www.goodreads.com/book/show/200107731-forbidden-summit,50.0,4.53,{},2026-07-21,success,200107731
book_232794931,,https://www.goodreads.com/book/show/232794931-the-wild-card,6087.0,4.17,"{""romance"": null, ""sports romance"": null, ""hockey"": null, ""sports"": null, ""hockey romance"": null, ""forced proximity"": null, ""contemporary romance"": null, ""enemies to lovers"": null, ""workplace romance"": null, ""found family"": null}",2026-07-21,success,232794931
book_231127059,,https://www.goodreads.com/book/show/231127059-finlay-donovan-crosses-the-line,3123.0,3.96,"{""mystery"": null, ""audiobook"": null, ""fiction"": null, ""mystery thriller"": null, ""cozy mystery"": null, ""humor"": null, ""romance"": null, ""thriller"": null, ""adult"": null, ""contemporary"": null}",2026-07-21,success,231127059
book_237390793,,https://www.goodreads.com/book/show/237390793-catch-her-if-you-can,3266.0,3.56,"{""romance"": null, ""sports romance"": null, ""audiobook"": null, ""sports"": null, ""friends to lovers"": null, ""marriage of convenience"": null, ""contemporary romance"": null, ""contemporary"": null, ""fiction"": null, ""baseball"": null}",2026-07-21,success,237390793
book_236824878,,https://www.goodreads.com/book/show/236824878-first-witches-club,1327.0,4.07,"{""romance"": null, ""fantasy"": null, ""fiction"": null, ""witches"": null, ""paranormal"": null, ""magical realism"": null, ""chick lit"": null, ""audiobook"": null, ""contemporary"": null, ""magic"": null}",2026-07-21,success,236824878
book_133286777,,https://www.goodreads.com/book/show/133286777-the-familiar,24609.0,3.74,"{""fantasy"": null, ""historical fiction"": null, ""fiction"": null, ""romance"": null, ""historical"": null, ""audiobook"": null, ""adult"": null, ""magic"": null, ""historical fantasy"": null, ""magical realism"": null}",2026-07-21,success,133286777
book_209269569,,https://www.goodreads.com/book/show/209269569-tempest-of-wrath-and-vengeance,4198.0,4.21,"{""fantasy"": null, ""romantasy"": null, ""dark romance"": null, ""fantasy romance"": null, ""fae"": null, ""romance"": null, ""audiobook"": null, ""dragons"": null, ""dark"": null, ""enemies to lovers"": null}",2026-07-21,success,209269569
book_245570446,,https://www.goodreads.com/book/show/245570446-the-terms-of-us,48.0,4.03,"{""marriage of convenience"": null, ""romance"": null, ""fake dating"": null, ""contemporary"": null, ""contemporary romance"": null, ""marriage"": null}",2026-07-21,success,245570446
book_246648766,,https://www.goodreads.com/book/show/246648766-on-thin-ice,,,"{""romance"": null, ""sports"": null, ""hockey"": null, ""hockey romance"": null, ""contemporary"": null, ""contemporary romance"": null, ""sports romance"": null, ""audiobook"": null, ""he falls first"": null, ""second chance"": null}",2026-07-21,success,246648766
book_59041700,,https://www.goodreads.com/book/show/59041700-the-unselected-journals-of-emma-m-lion,6154.0,4.67,"{""historical fiction"": null, ""audiobook"": null, ""fiction"": null, ""historical"": null, ""romance"": null, ""humor"": null, ""victorian"": null, ""adult"": null, ""british literature"": null, ""adult fiction"": null}",2026-07-21,success,59041700
book_250565000,,https://www.goodreads.com/book/show/250565000-claimed-omega,282.0,4.09,"{""omegaverse"": null, ""romance"": null, ""why choose"": null, ""abuse"": null, ""paranormal"": null, ""fantasy"": null, ""dark"": null, ""dark romance"": null, ""slow burn"": null, ""friends to lovers"": null}",2026-07-21,success,250565000
book_61771675,,https://www.goodreads.com/book/show/61771675-hello-beautiful,55467.0,4.12,"{""fiction"": null, ""book club"": null, ""audiobook"": null, ""historical fiction"": null, ""romance"": null, ""literary fiction"": null, ""contemporary"": null, ""family"": null, ""adult"": null, ""adult fiction"": null}",2026-07-21,success,61771675
book_246637401,,https://www.goodreads.com/book/show/246637401-magical-midlife-rogue,618.0,4.74,"{""urban fantasy"": null, ""fantasy"": null, ""shapeshifters"": null, ""paranormal"": null, ""romance"": null, ""magic"": null, ""vampires"": null, ""fiction"": null, ""supernatural"": null, ""audiobook"": null}",2026-07-21,success,246637401
book_222472678,,https://www.goodreads.com/book/show/222472678-hollow,4297.0,4.01,"{""fantasy"": null, ""romantasy"": null, ""romance"": null, ""fae"": null, ""dragons"": null, ""fantasy romance"": null, ""enemies to lovers"": null, ""audiobook"": null, ""magic"": null, ""dark romance"": null}",2026-07-21,success,222472678
book_141270038,,https://www.goodreads.com/book/show/141270038-someone-to-daydream-about,175.0,3.92,"{""romance"": null, ""young adult"": null, ""contemporary"": null, ""disability"": null, ""queer"": null, ""lgbt"": null, ""young adult romance"": null, ""music"": null, ""contemporary romance"": null, ""fiction"": null}",2026-07-21,success,141270038
book_241022421,,https://www.goodreads.com/book/show/241022421-shadowborne,67.0,4.28,"{""dragons"": null, ""fantasy"": null, ""romantasy"": null, ""audiobook"": null, ""romance"": null, ""fantasy romance"": null}",2026-07-21,success,241022421
book_235992312,,https://www.goodreads.com/book/show/235992312-honey-bee-mine,415.0,3.74,"{""romance"": null, ""fiction"": null, ""contemporary"": null, ""audiobook"": null, ""contemporary romance"": null, ""adult"": null, ""rom com"": null, ""adult fiction"": null, ""enemies to lovers"": null, ""chick lit"": null}",2026-07-21,success,235992312
book_247778820,,https://www.goodreads.com/book/show/247778820-sticks-stones,95.0,3.96,"{""sports romance"": null, ""romance"": null, ""novella"": null, ""hockey"": null, ""sports"": null, ""forced proximity"": null, ""contemporary"": null, ""contemporary romance"": null, ""hockey romance"": null}",2026-07-21,success,247778820
book_246626122,,https://www.goodreads.com/book/show/246626122-niszczycielka,106.0,4.31,"{""fantasy"": null, ""audiobook"": null, ""romantasy"": null, ""favorites"": null}",2026-07-21,success,246626122
book_231126977,,https://www.goodreads.com/book/show/231126977-lady-tremaine,9834.0,4.17,"{""fantasy"": null, ""historical fiction"": null, ""fiction"": null, ""audiobook"": null, ""retellings"": null, ""book club"": null, ""romance"": null, ""historical"": null, ""adult"": null, ""fairy tales"": null}",2026-07-21,success,231126977
book_235992260,,https://www.goodreads.com/book/show/235992260-unbound,4932.0,4.14,"{""romance"": null, ""sports romance"": null, ""second chance"": null, ""hockey"": null, ""sports"": null, ""contemporary romance"": null, ""hockey romance"": null, ""contemporary"": null, ""friends to lovers"": null, ""second chance romance"": null}",2026-07-21,success,235992260
book_234463443,,https://www.goodreads.com/book/show/234463443-more-than-friends,1527.0,4.02,"{""friends to lovers"": null, ""romance"": null, ""forced proximity"": null, ""billionaire romance"": null, ""contemporary romance"": null, ""audiobook"": null, ""contemporary"": null, ""he falls first"": null, ""slow burn"": null, ""found family"": null}",2026-07-21,success,234463443
book_239434332,,https://www.goodreads.com/book/show/239434332-chasing-the-fire,1942.0,4.18,"{""romance"": null, ""cowboy romance"": null, ""westerns"": null, ""firefighters"": null, ""forced proximity"": null, ""small town romance"": null, ""audiobook"": null, ""found family"": null, ""friends to lovers"": null, ""contemporary romance"": null}",2026-07-21,success,239434332
book_236900512,,https://www.goodreads.com/book/show/236900512-the-dark-lord-s-guide-to-dating-and-other-war-crimes,3498.0,3.99,"{""fantasy"": null, ""romance"": null, ""romantasy"": null, ""enemies to lovers"": null, ""dark romance"": null, ""magic"": null, ""fantasy romance"": null, ""fiction"": null, ""dark"": null, ""audiobook"": null}",2026-07-21,success,236900512
book_228725059,,https://www.goodreads.com/book/show/228725059-someone-to-daydream-about,,,"{""romance"": null, ""young adult"": null, ""contemporary"": null, ""disability"": null, ""queer"": null, ""lgbt"": null, ""young adult romance"": null, ""music"": null, ""contemporary romance"": null, ""fiction"": null}",2026-07-21,success,228725059
book_250200944,,https://www.goodreads.com/book/show/250200944-knight-s-storm,84.0,4.42,"{""romantic suspense"": null, ""romance"": null, ""mystery"": null, ""suspense"": null, ""contemporary romance"": null, ""enemies to lovers"": null}",2026-07-21,success,250200944
book_232735551,,https://www.goodreads.com/book/show/232735551-risky-business,250.0,3.72,"{""romance"": null, ""audiobook"": null, ""contemporary"": null, ""fiction"": null, ""rom com"": null, ""contemporary romance"": null, ""workplace romance"": null, ""retellings"": null, ""adult fiction"": null, ""adult"": null}",2026-07-21,success,232735551
book_240998685,,https://www.goodreads.com/book/show/240998685-where-no-shadow-stays,358.0,3.94,"{""horror"": null, ""fantasy"": null, ""young adult"": null, ""romance"": null, ""paranormal"": null, ""audiobook"": null, ""supernatural"": null, ""ya horror"": null, ""egypt"": null, ""young adult fantasy"": null}",2026-07-21,success,240998685
book_236741139,,https://www.goodreads.com/book/show/236741139-direbound,19.0,4.27,"{""romantasy"": null}",2026-07-21,success,236741139
book_239149143,,https://www.goodreads.com/book/show/239149143-law-maker,1598.0,4.06,"{""romance"": null, ""contemporary"": null, ""contemporary romance"": null, ""forced proximity"": null, ""billionaire romance"": null, ""abuse"": null, ""dark romance"": null, ""audiobook"": null, ""fiction"": null, ""teachers"": null}",2026-07-21,success,239149143
book_214037675,,https://www.goodreads.com/book/show/214037675-wyatt,7006.0,3.94,"{""romance"": null, ""friends to lovers"": null, ""westerns"": null, ""cowboy romance"": null, ""fake dating"": null, ""small town romance"": null, ""audiobook"": null, ""contemporary romance"": null, ""contemporary"": null, ""fiction"": null}",2026-07-21,success,214037675
book_235672456,,https://www.goodreads.com/book/show/235672456-lake-effect,2486.0,3.86,"{""fiction"": null, ""historical fiction"": null, ""audiobook"": null, ""romance"": null, ""literary fiction"": null, ""contemporary"": null, ""family drama"": null, ""family"": null, ""book club"": null, ""historical"": null}",2026-07-21,success,235672456
book_245482960,,https://www.goodreads.com/book/show/245482960-the-hotshot,2451.0,4.03,"{""sports romance"": null, ""romance"": null, ""sports"": null, ""audiobook"": null, ""fake dating"": null, ""baseball"": null, ""friends to lovers"": null, ""contemporary"": null, ""found family"": null, ""contemporary romance"": null}",2026-07-21,success,245482960
book_208679791,,https://www.goodreads.com/book/show/208679791-captivation-creek,,,,2026-07-21,error_202,208679791
book_212843478,,https://www.goodreads.com/book/show/212843478-to-shatter-the-night,,,,2026-07-21,error_202,212843478
book_165940202,,https://www.goodreads.com/book/show/165940202-a-fate-inked-in-blood,,,,2026-07-21,error_202,165940202
book_235629857,,https://www.goodreads.com/book/show/235629857-it-s-all-in-your-head,,,,2026-07-21,error_202,235629857
book_233608853,,https://www.goodreads.com/book/show/233608853-and-the-crowd-went-wild,,,,2026-07-21,error_202,233608853
book_231681681,,https://www.goodreads.com/book/show/231681681-the-ex-perimento,,,,2026-07-21,error_202,231681681
book_235992160,,https://www.goodreads.com/book/show/235992160-only-friends,,,,2026-07-21,error_202,235992160
book_247065031,,https://www.goodreads.com/book/show/247065031-take-me-home-to-you,,,,2026-07-21,error_202,247065031
book_246703763,,https://www.goodreads.com/book/show/246703763-top-shelf-stud,,,,2026-07-21,error_202,246703763
book_234943352,,https://www.goodreads.com/book/show/234943352-in-her-spotlight,,,,2026-07-21,error_202,234943352
book_233608884,,https://www.goodreads.com/book/show/233608884-this-ain-t-our-first-rodeo,,,,2026-07-21,error_202,233608884
book_241962729,,https://www.goodreads.com/book/show/241962729-between-the-lines,,,,2026-07-21,error_202,241962729
book_233070116,,https://www.goodreads.com/book/show/233070116-the-heat-of-the-moment,,,,2026-07-21,error_202,233070116
book_222028690,,https://www.goodreads.com/book/show/222028690-the-evidence-of-us,,,,2026-07-21,error_202,222028690
book_228631555,,https://www.goodreads.com/book/show/228631555-holding-the-reins,,,,2026-07-21,error_202,228631555
book_235301587,,https://www.goodreads.com/book/show/235301587-on-thin-ice,,,,2026-07-21,error_202,235301587
book_240067571,,https://www.goodreads.com/book/show/240067571-sunshine-and-sins,,,,2026-07-21,error_202,240067571
book_236012002,,https://www.goodreads.com/book/show/236012002-throne-of-nightmares,,,,2026-07-21,error_202,236012002
book_224009620,,https://www.goodreads.com/book/show/224009620-a-stage-set-for-villains,,,,2026-07-21,error_202,224009620
book_228342375,,https://www.goodreads.com/book/show/228342375-queen-of-faces,,,,2026-07-21,error_202,228342375
book_235992318,,https://www.goodreads.com/book/show/235992318-the-wicked-and-the-damned,,,,2026-07-21,error_202,235992318
book_242996370,,https://www.goodreads.com/book/show/242996370-tortured-souls,,,,2026-07-21,error_202,242996370
book_236064367,,https://www.goodreads.com/book/show/236064367-stolen-midnights,,,,2026-07-21,error_202,236064367
book_235629795,,https://www.goodreads.com/book/show/235629795-the-trident-and-the-pearl,,,,2026-07-21,error_202,235629795
book_231127008,,https://www.goodreads.com/book/show/231127008-heart-s-gambit,,,,2026-07-21,error_202,231127008
book_235629751,,https://www.goodreads.com/book/show/235629751-nightshade-and-oak,,,,2026-07-21,error_202,235629751
book_234002442,,https://www.goodreads.com/book/show/234002442-carnival-fant-stico,,,,2026-07-21,error_202,234002442
book_221205228,,https://www.goodreads.com/book/show/221205228-apparently-sir-cameron-needs-to-die,,,,2026-07-21,error_202,221205228
book_231127214,,https://www.goodreads.com/book/show/231127214-the-heir-the-spare,,,,2026-07-21,error_202,231127214
book_234352468,,https://www.goodreads.com/book/show/234352468-gods-beneath-the-ice,,,,2026-07-21,error_202,234352468
book_228342387,,https://www.goodreads.com/book/show/228342387-until-the-clock-strikes-midnight,,,,2026-07-21,error_202,228342387
book_232794546,,https://www.goodreads.com/book/show/232794546-a-practical-guide-to-dating-a-demon,,,,2026-07-21,error_202,232794546
book_247587942,,https://www.goodreads.com/book/show/247587942-this-safe-darkness,,,,2026-07-21,error_202,247587942
book_235992935,,https://www.goodreads.com/book/show/235992935-the-aftermyth,,,,2026-07-21,error_202,235992935
book_235992696,,https://www.goodreads.com/book/show/235992696-the-legend-of-the-nine-tailed-fox,,,,2026-07-21,error_202,235992696
book_222476113,,https://www.goodreads.com/book/show/222476113-a-rose-of-blood-and-binding,,,,2026-07-21,error_202,222476113
book_221118255,,https://www.goodreads.com/book/show/221118255-the-baby-dragon-bookshop,,,,2026-07-21,error_202,221118255
book_231823016,,https://www.goodreads.com/book/show/231823016-flame-theory,,,,2026-07-21,error_202,231823016
book_235992628,,https://www.goodreads.com/book/show/235992628-the-gods-must-burn,,,,2026-07-21,error_202,235992628
book_242359514,,https://www.goodreads.com/book/show/242359514-the-light-under-the-shadow-wing,,,,2026-07-21,error_202,242359514
book_246788314,,https://www.goodreads.com/book/show/246788314-vowed-to-the-vulture-god,,,,2026-07-21,error_202,246788314
book_227856330,,https://www.goodreads.com/book/show/227856330-the-serpent-and-the-siren,,,,2026-07-21,error_202,227856330
book_223395162,,https://www.goodreads.com/book/show/223395162-the-lovers,,,,2026-07-21,error_202,223395162
book_245987048,,https://www.goodreads.com/book/show/245987048-masquerade-of-mirrors,,,,2026-07-21,error_202,245987048
book_242411770,,https://www.goodreads.com/book/show/242411770-the-masque-of-the-silver-prince,,,,2026-07-21,error_202,242411770
book_240244907,,https://www.goodreads.com/book/show/240244907-music-in-the-shadows,,,,2026-07-21,error_202,240244907
book_241017905,,https://www.goodreads.com/book/show/241017905-bad-things-come-in-3s,,,,2026-07-21,error_202,241017905
book_240665680,,https://www.goodreads.com/book/show/240665680-this-vicious-sea,,,,2026-07-21,error_202,240665680
book_243489223,,https://www.goodreads.com/book/show/243489223-obsidian-sky,,,,2026-07-21,error_202,243489223
book_241423814,,https://www.goodreads.com/book/show/241423814-the-last-stitch,,,,2026-07-21,error_202,241423814
book_246533010,,https://www.goodreads.com/book/show/246533010-the-witch-s-pet,,,,2026-07-21,error_202,246533010
book_227862644,,https://www.goodreads.com/book/show/227862644-his-in-the-fire,,,,2026-07-21,error_202,227862644
book_246444197,,https://www.goodreads.com/book/show/246444197-almas-de-cristal,,,,2026-07-21,error_202,246444197
book_244257591,,https://www.goodreads.com/book/show/244257591-the-spell-of-us,84.0,4.2,"{""fantasy"": null, ""amazon"": null, ""romantasy"": null}",2026-07-21,success,244257591
book_236079780,,https://www.goodreads.com/book/show/236079780-no-place-like-you,,,,2026-07-21,error_202,236079780
book_239669721,,https://www.goodreads.com/book/show/239669721-a-thousand-perfect-lies,,,,2026-07-21,error_202,239669721
book_236772841,,https://www.goodreads.com/book/show/236772841-darling-daffodils-farm,,,,2026-07-21,error_202,236772841
book_236116707,,https://www.goodreads.com/book/show/236116707-the-starter-ex,,,,2026-07-21,error_202,236116707
book_236064350,,https://www.goodreads.com/book/show/236064350-we-re-a-bad-idea-right,,,,2026-07-21,error_202,236064350
book_236116705,,https://www.goodreads.com/book/show/236116705-toe-to-toe,,,,2026-07-21,error_202,236116705
book_228342203,,https://www.goodreads.com/book/show/228342203-she-drinks-the-light,,,,2026-07-21,error_202,228342203
book_236115757,,https://www.goodreads.com/book/show/236115757-a-lady-for-all-seasons,,,,2026-07-21,error_202,236115757
book_246220879,,https://www.goodreads.com/book/show/246220879-booked-at-midnight,,,,2026-07-21,error_202,246220879
book_231507405,,https://www.goodreads.com/book/show/231507405-love-is-an-algorithm,,,,2026-07-21,error_202,231507405
book_247449391,,https://www.goodreads.com/book/show/247449391-sweetbitter-song,,,,2026-07-21,error_202,247449391
book_236304685,,https://www.goodreads.com/book/show/236304685-all-booked-up,,,,2026-07-21,error_202,236304685
book_237693306,,https://www.goodreads.com/book/show/237693306-family-lies,,,,2026-07-21,error_202,237693306
book_241070138,,https://www.goodreads.com/book/show/241070138-aubrey-wants-to-die,,,,2026-07-21,error_202,241070138
book_237693307,,https://www.goodreads.com/book/show/237693307-the-celestial-seas,,,,2026-07-21,error_202,237693307
book_236304651,,https://www.goodreads.com/book/show/236304651-the-good-fortune-of-miss-robbins,,,,2026-07-21,error_202,236304651
book_236304640,,https://www.goodreads.com/book/show/236304640-raging-waters,,,,2026-07-21,error_202,236304640
book_237422327,,https://www.goodreads.com/book/show/237422327-the-free-verse-society,,,,2026-07-21,error_202,237422327
book_247144397,,https://www.goodreads.com/book/show/247144397-fighting-chance,,,,2026-07-21,error_202,247144397
book_228355161,,https://www.goodreads.com/book/show/228355161-bitterbloom,,,,2026-07-21,error_202,228355161
book_236304635,,https://www.goodreads.com/book/show/236304635-faithful-of-heart,,,,2026-07-21,error_202,236304635
book_243821525,,https://www.goodreads.com/book/show/243821525-knight-s-storm,,,,2026-07-21,error_202,243821525
book_246615747,,https://www.goodreads.com/book/show/246615747-devious-touch,,,,2026-07-21,error_202,246615747
book_245142824,,https://www.goodreads.com/book/show/245142824-could-ve-fooled-me,,,,2026-07-21,error_202,245142824
book_230270165,,https://www.goodreads.com/book/show/230270165-acrimonious,,,,2026-07-21,error_202,230270165
book_250048479,,https://www.goodreads.com/book/show/250048479-a-much-maligned-miss,,,,2026-07-21,error_202,250048479
book_247597558,,https://www.goodreads.com/book/show/247597558-the-cinderella-plot,,,,2026-07-21,error_202,247597558
book_236079789,,https://www.goodreads.com/book/show/236079789-the-witch-without-memory,,,,2026-07-21,error_202,236079789
book_245780913,,https://www.goodreads.com/book/show/245780913-los-diez-mandamientos-de-casey-adams,,,,2026-07-21,error_202,245780913
book_243038211,,https://www.goodreads.com/book/show/243038211-an-honorable-love,,,,2026-07-21,error_202,243038211
book_238142743,,https://www.goodreads.com/book/show/238142743-never-spar-with-a-viscount,,,,2026-07-21,error_202,238142743
book_230803046,,https://www.goodreads.com/book/show/230803046-wicked-wicche,,,,2026-07-21,error_202,230803046
book_237732235,,https://www.goodreads.com/book/show/237732235-the-scoundrel-and-the-siren,,,,2026-07-21,error_202,237732235
book_243197739,,https://www.goodreads.com/book/show/243197739-clinching-the-play,,,,2026-07-21,error_202,243197739
book_246388105,,https://www.goodreads.com/book/show/246388105-pas-de-deux,,,,2026-07-21,error_202,246388105
book_238072261,,https://www.goodreads.com/book/show/238072261-shugo-chara-20th-anniversary-edition-vol-1,,,,2026-07-21,error_202,238072261
book_245909797,,https://www.goodreads.com/book/show/245909797-the-reluctant-king,,,,2026-07-21,error_202,245909797
book_217513554,,https://www.goodreads.com/book/show/217513554-and-now-back-to-you,,,,2026-07-21,error_202,217513554
book_222476127,,https://www.goodreads.com/book/show/222476127-where-the-wildflowers-grow,,,,2026-07-21,error_202,222476127
book_235992888,,https://www.goodreads.com/book/show/235992888-wicked-onyx,,,,2026-07-21,error_202,235992888
book_235991925,,https://www.goodreads.com/book/show/235991925-how-to-kill-a-guy-in-ten-dates,,,,2026-07-21,error_202,235991925
book_231679954,,https://www.goodreads.com/book/show/231679954-the-red-winter,,,,2026-07-21,error_202,231679954
book_222168124,,https://www.goodreads.com/book/show/222168124-the-sun-and-the-starmaker,,,,2026-07-21,error_202,222168124
book_237134690,,https://www.goodreads.com/book/show/237134690-the-lies-that-summon-the-night,,,,2026-07-21,error_202,237134690
book_234352836,,https://www.goodreads.com/book/show/234352836-laws-of-love-and-logic,,,,2026-07-21,error_202,234352836
book_231127029,,https://www.goodreads.com/book/show/231127029-crown-of-war-and-shadow,,,,2026-07-21,error_202,231127029
book_233717136,,https://www.goodreads.com/book/show/233717136-racing-hearts,,,,2026-07-21,error_202,233717136
book_44552156,,https://www.goodreads.com/book/show/44552156-quiet-ones,,,,2026-07-21,error_202,44552156
book_235993108,,https://www.goodreads.com/book/show/235993108-love-and-other-brain-experiments,,,,2026-07-21,error_202,235993108
book_234943536,,https://www.goodreads.com/book/show/234943536-weavingshaw,,,,2026-07-21,error_202,234943536
book_239829548,,https://www.goodreads.com/book/show/239829548-a-secret-in-the-garden,,,,2026-07-21,error_202,239829548
book_237353718,,https://www.goodreads.com/book/show/237353718-without-a-clue,,,,2026-07-21,error_202,237353718
book_235629883,,https://www.goodreads.com/book/show/235629883-still-into-you,,,,2026-07-21,error_202,235629883
book_232794553,,https://www.goodreads.com/book/show/232794553-sibylline,,,,2026-07-21,error_202,232794553
book_232794580,,https://www.goodreads.com/book/show/232794580-get-over-it-april-evans,,,,2026-07-21,error_202,232794580
book_227912790,,https://www.goodreads.com/book/show/227912790-books-bewitchment,883.0,3.73,"{""romance"": null, ""fantasy"": null, ""witches"": null, ""paranormal"": null, ""romantasy"": null, ""cozy fantasy"": null, ""cozy"": null, ""magic"": null, ""adult"": null, ""fiction"": null}",2026-07-21,success,227912790
book_234352451,,https://www.goodreads.com/book/show/234352451-a-little-buzzed,798.0,3.58,"{""romance"": null, ""contemporary"": null, ""contemporary romance"": null, ""fiction"": null, ""audiobook"": null, ""workplace romance"": null, ""rom com"": null, ""workplace"": null, ""forced proximity"": null, ""adult"": null}",2026-07-21,success,234352451
book_245313823,,https://www.goodreads.com/book/show/245313823-travis,104.0,4.58,"{""romantic suspense"": null, ""romance"": null, ""contemporary romance"": null, ""small town romance"": null}",2026-07-21,success,245313823
book_249865064,,https://www.goodreads.com/book/show/249865064-mr-2-out-of-10,,,"{""romance"": null, ""fiction"": null, ""contemporary romance"": null, ""contemporary"": null}",2026-07-21,success,249865064
book_248191007,,https://www.goodreads.com/book/show/248191007-once-in-a-blue-moon,365.0,4.3,"{""romance"": null, ""audiobook"": null, ""contemporary romance"": null, ""contemporary"": null, ""fiction"": null, ""rom com"": null, ""ebooks"": null, ""novella"": null, ""clean romance"": null, ""chick lit"": null}",2026-07-21,success,248191007
book_248667444,,https://www.goodreads.com/book/show/248667444-love-you-later,213.0,4.31,"{""romance"": null, ""marriage of convenience"": null, ""contemporary"": null, ""rom com"": null, ""friends to lovers"": null, ""fiction"": null, ""audiobook"": null, ""chick lit"": null, ""contemporary romance"": null, ""found family"": null}",2026-07-21,success,248667444
book_237517071,,https://www.goodreads.com/book/show/237517071-the-enemies-island,121.0,4.43,"{""romance"": null, ""enemies to lovers"": null, ""fake dating"": null, ""rom com"": null, ""contemporary romance"": null, ""closed door romance"": null, ""forced proximity"": null, ""summer romance"": null, ""fiction"": null, ""contemporary"": null}",2026-07-21,success,237517071
book_231687688,,https://www.goodreads.com/book/show/231687688-his-empress,693.0,4.22,"{""mafia romance"": null, ""dark romance"": null, ""romance"": null, ""marriage of convenience"": null, ""enemies to lovers"": null, ""forced proximity"": null, ""found family"": null, ""surprise pregnancy"": null, ""dark"": null, ""second chance"": null}",2026-07-21,success,231687688
book_217394516,,https://www.goodreads.com/book/show/217394516-beware-the-villainess-vol-2,106.0,4.31,"{""manhwa"": null, ""manga"": null, ""fantasy"": null, ""romance"": null, ""webcomic"": null, ""graphic novels"": null, ""fiction"": null, ""humor"": null, ""comedy"": null, ""comics"": null}",2026-07-21,success,217394516
book_235992265,,https://www.goodreads.com/book/show/235992265-once-and-again,4100.0,3.57,"{""romance"": null, ""fiction"": null, ""magical realism"": null, ""audiobook"": null, ""fantasy"": null, ""contemporary"": null, ""time travel"": null, ""adult"": null, ""chick lit"": null, ""adult fiction"": null}",2026-07-21,success,235992265
book_240321984,,https://www.goodreads.com/book/show/240321984-how-not-to-fall-in-love,515.0,4.25,"{""sports romance"": null, ""romance"": null, ""sports"": null, ""forced proximity"": null, ""slow burn"": null, ""football"": null, ""contemporary romance"": null, ""audiobook"": null, ""he falls first"": null, ""contemporary"": null}",2026-07-21,success,240321984
book_245576147,,https://www.goodreads.com/book/show/245576147-accidentally-yours,6586.0,3.91,"{""romance"": null, ""novella"": null, ""audiobook"": null, ""short stories"": null, ""contemporary romance"": null, ""contemporary"": null, ""fiction"": null, ""holiday"": null, ""workplace romance"": null, ""adult"": null}",2026-07-21,success,245576147
book_242623108,,https://www.goodreads.com/book/show/242623108-edge-of-steel,887.0,4.37,"{""why choose"": null, ""fantasy"": null, ""paranormal"": null, ""shapeshifters"": null, ""romance"": null, ""romantasy"": null, ""paranormal romance"": null, ""magic"": null, ""new adult"": null, ""urban fantasy"": null}",2026-07-21,success,242623108
book_239829541,,https://www.goodreads.com/book/show/239829541-bulletproof,1988.0,3.75,"{""dark romance"": null, ""romance"": null, ""military fiction"": null, ""dark"": null, ""enemies to lovers"": null, ""audiobook"": null, ""spicy"": null, ""contemporary"": null, ""forced proximity"": null, ""military romance"": null}",2026-07-21,success,239829541
book_242105021,,https://www.goodreads.com/book/show/242105021-fated-to-the-wolf-maiden,164.0,4.31,"{""fantasy"": null, ""paranormal"": null, ""romantasy"": null, ""paranormal romance"": null, ""shapeshifters"": null, ""romance"": null, ""supernatural"": null, ""magic"": null, ""fantasy romance"": null, ""he falls first"": null}",2026-07-21,success,242105021
book_222279220,,https://www.goodreads.com/book/show/222279220-good-spirits,28806.0,3.97,"{""romance"": null, ""christmas"": null, ""holiday"": null, ""fantasy"": null, ""audiobook"": null, ""paranormal"": null, ""fiction"": null, ""contemporary"": null, ""book club"": null, ""contemporary romance"": null}",2026-07-21,success,222279220
book_239391372,,https://www.goodreads.com/book/show/239391372-the-tempest-blade,2240.0,4.46,"{""fantasy"": null, ""romantasy"": null, ""romance"": null, ""audiobook"": null, ""fantasy romance"": null, ""enemies to lovers"": null, ""fiction"": null, ""adult"": null, ""new adult"": null, ""forced proximity"": null}",2026-07-21,success,239391372
book_208674368,,https://www.goodreads.com/book/show/208674368-avalon-tower,4809.0,3.93,"{""fantasy"": null, ""romantasy"": null, ""fae"": null, ""romance"": null, ""fantasy romance"": null, ""audiobook"": null, ""enemies to lovers"": null, ""dragons"": null, ""magic"": null, ""academia"": null}",2026-07-21,success,208674368
book_237137570,,https://www.goodreads.com/book/show/237137570-aicha,822.0,3.56,"{""fantasy"": null, ""historical fiction"": null, ""retellings"": null, ""adult"": null, ""mythology"": null, ""historical"": null, ""fiction"": null, ""audiobook"": null, ""historical fantasy"": null, ""romance"": null}",2026-07-21,success,237137570
book_239704097,,https://www.goodreads.com/book/show/239704097-wake-up-calls,584.0,4.22,"{""fiction"": null, ""romance"": null, ""mystery"": null, ""contemporary"": null, ""family"": null, ""chick lit"": null, ""audiobook"": null, ""adult"": null, ""womens fiction"": null, ""summer"": null}",2026-07-21,success,239704097
book_237362962,,https://www.goodreads.com/book/show/237362962-ryder,2729.0,3.86,"{""romance"": null, ""westerns"": null, ""cowboy romance"": null, ""friends to lovers"": null, ""small town romance"": null, ""contemporary romance"": null, ""found family"": null, ""contemporary"": null, ""audiobook"": null, ""fiction"": null}",2026-07-21,success,237362962
book_248063445,,https://www.goodreads.com/book/show/248063445-everybody-s-favorite-guy,1945.0,3.58,"{""romance"": null, ""short stories"": null, ""audiobook"": null, ""novella"": null, ""fiction"": null, ""contemporary romance"": null, ""christmas"": null, ""contemporary"": null, ""adult"": null, ""second chance"": null}",2026-07-21,success,248063445
book_233943456,,https://www.goodreads.com/book/show/233943456-love-overboard,4549.0,3.78,"{""romance"": null, ""second chance"": null, ""forced proximity"": null, ""audiobook"": null, ""contemporary romance"": null, ""workplace romance"": null, ""second chance romance"": null, ""contemporary"": null, ""workplace"": null, ""summer"": null}",2026-07-21,success,233943456
book_242251658,,https://www.goodreads.com/book/show/242251658-no-don-t-ever-stop,743.0,4.23,"{""romance"": null, ""billionaire romance"": null, ""audiobook"": null, ""contemporary romance"": null, ""sports"": null, ""found family"": null, ""spicy"": null, ""contemporary"": null, ""he falls first"": null, ""steamy"": null}",2026-07-21,success,242251658
book_246200376,,https://www.goodreads.com/book/show/246200376-maple-moonlight,858.0,4.09,"{""romance"": null, ""audiobook"": null, ""small town romance"": null, ""contemporary romance"": null, ""found family"": null, ""friends to lovers"": null, ""forced proximity"": null, ""slow burn"": null, ""contemporary"": null, ""suspense"": null}",2026-07-21,success,246200376
book_65137920,,https://www.goodreads.com/book/show/65137920-the-lost-bookshop,33320.0,3.97,"{""fantasy"": null, ""fiction"": null, ""historical fiction"": null, ""book club"": null, ""magical realism"": null, ""audiobook"": null, ""romance"": null, ""books about books"": null, ""mystery"": null, ""historical"": null}",2026-07-21,success,65137920
book_216233719,,https://www.goodreads.com/book/show/216233719-story-of-my-life,12538.0,4.16,"{""romance"": null, ""contemporary"": null, ""fiction"": null, ""contemporary romance"": null, ""audiobook"": null, ""small town romance"": null, ""rom com"": null, ""chick lit"": null, ""adult"": null, ""book club"": null}",2026-07-21,success,216233719
book_238448115,,https://www.goodreads.com/book/show/238448115-comer-s-flores,8930.0,4.14,"{""fiction"": null, ""drama"": null, ""spanish literature"": null, ""romance"": null, ""contemporary"": null, ""audiobook"": null, ""feminism"": null, ""novels"": null, ""spain"": null, ""literary fiction"": null}",2026-07-21,success,238448115
book_246408301,,https://www.goodreads.com/book/show/246408301-managing-the-vampire-s-mansion,473.0,4.24,"{""fantasy"": null, ""romance"": null, ""urban fantasy"": null, ""paranormal"": null, ""vampires"": null, ""cozy"": null, ""fae"": null, ""paranormal romance"": null, ""magic"": null, ""romantasy"": null}",2026-07-21,success,246408301
book_220667263,,https://www.goodreads.com/book/show/220667263-the-shattered-king,1732.0,4.28,"{""fantasy"": null, ""romance"": null, ""romantasy"": null, ""magic"": null, ""fantasy romance"": null, ""audiobook"": null, ""fiction"": null, ""slow burn"": null, ""adult"": null, ""war"": null}",2026-07-21,success,220667263
book_210277261,,https://www.goodreads.com/book/show/210277261-vale-of-dreams,2736.0,4.29,"{""fantasy"": null, ""romantasy"": null, ""fae"": null, ""enemies to lovers"": null, ""romance"": null, ""audiobook"": null, ""fantasy romance"": null, ""magic"": null, ""slow burn"": null, ""dragons"": null}",2026-07-21,success,210277261
book_232794908,,https://www.goodreads.com/book/show/232794908-dawn-of-the-north,4083.0,4.41,"{""fantasy"": null, ""romantasy"": null, ""romance"": null, ""audiobook"": null, ""fantasy romance"": null, ""fiction"": null, ""magic"": null, ""adventure"": null, ""adult"": null, ""spicy"": null}",2026-07-21,success,232794908
book_239422480,,https://www.goodreads.com/book/show/239422480-the-half-hearted-queen,871.0,4.18,"{""fantasy"": null, ""romance"": null, ""romantasy"": null, ""audiobook"": null, ""magic"": null, ""fiction"": null, ""fantasy romance"": null, ""adult"": null, ""high fantasy"": null, ""science fiction fantasy"": null}",2026-07-21,success,239422480
book_219866773,,https://www.goodreads.com/book/show/219866773-eldritch,5389.0,4.1,"{""fantasy"": null, ""romantasy"": null, ""dark romance"": null, ""gothic"": null, ""romance"": null, ""audiobook"": null, ""dark"": null, ""dark fantasy"": null, ""fantasy romance"": null, ""horror"": null}",2026-07-21,success,219866773
book_195436605,,https://www.goodreads.com/book/show/195436605-fate-of-the-sun-king,6985.0,3.96,"{""fantasy"": null, ""romantasy"": null, ""romance"": null, ""audiobook"": null, ""fae"": null, ""fantasy romance"": null, ""magic"": null, ""fiction"": null, ""enemies to lovers"": null, ""spicy"": null}",2026-07-21,success,195436605
book_241909843,,https://www.goodreads.com/book/show/241909843-wild-chance,58.0,4.25,"{""contemporary romance"": null}",2026-07-21,success,241909843
book_230407233,,https://www.goodreads.com/book/show/230407233-how-to-negotiate-with-a-nightmare,101.0,4.21,"{""romance"": null, ""fantasy"": null, ""paranormal romance"": null, ""romantasy"": null, ""witches"": null, ""magic"": null, ""marriage of convenience"": null, ""paranormal"": null, ""supernatural"": null, ""royalty"": null}",2026-07-21,success,230407233
book_237693304,,https://www.goodreads.com/book/show/237693304-the-bridge-back-to-you,507.0,3.68,"{""romance"": null, ""contemporary"": null, ""second chance"": null, ""audiobook"": null, ""contemporary romance"": null, ""fiction"": null, ""second chance romance"": null, ""forced proximity"": null, ""found family"": null, ""black author"": null}",2026-07-21,success,237693304
book_238142761,,https://www.goodreads.com/book/show/238142761-the-fortune-flip,358.0,3.83,"{""romance"": null, ""audiobook"": null, ""fiction"": null, ""contemporary"": null, ""contemporary romance"": null, ""adult"": null, ""rom com"": null, ""asian literature"": null, ""chick lit"": null, ""asian american"": null}",2026-07-21,success,238142761
book_250280655,,https://www.goodreads.com/book/show/250280655-make-me,461.0,4.32,"{""second chance"": null, ""small town romance"": null, ""friends to lovers"": null, ""marriage of convenience"": null, ""romance"": null, ""second chance romance"": null, ""westerns"": null, ""contemporary romance"": null, ""cowboy romance"": null, ""forced proximity"": null}",2026-07-21,success,250280655
book_239432838,,https://www.goodreads.com/book/show/239432838-chasing-the-clouds-away,443.0,4.17,"{""romance"": null, ""fiction"": null, ""contemporary"": null, ""chick lit"": null, ""contemporary romance"": null, ""clean romance"": null, ""adult"": null, ""womens fiction"": null, ""adult fiction"": null, ""closed door romance"": null}",2026-07-21,success,239432838
book_222376670,,https://www.goodreads.com/book/show/222376670-the-duke,,,"{""romance"": null, ""historical fiction"": null, ""historical"": null, ""lesbian"": null, ""historical romance"": null, ""lgbt"": null, ""queer"": null, ""fiction"": null, ""adult"": null, ""audiobook"": null}",2026-07-21,success,222376670
book_238766961,,https://www.goodreads.com/book/show/238766961-don-t-fall-in-love-with-me,1013.0,3.87,"{""romance"": null, ""fiction"": null, ""contemporary"": null, ""friends to lovers"": null, ""contemporary romance"": null, ""chick lit"": null, ""audiobook"": null, ""second chance"": null, ""summer"": null, ""france"": null}",2026-07-21,success,238766961
book_231127049,,https://www.goodreads.com/book/show/231127049-flirting-with-murder,,,,2026-07-21,error_202,231127049
book_247138854,,https://www.goodreads.com/book/show/247138854-trouble-s-turn-to-lose,,,,2026-07-21,error_202,247138854
book_237353773,,https://www.goodreads.com/book/show/237353773-more-than-friends,,,,2026-07-21,error_202,237353773
book_238873042,,https://www.goodreads.com/book/show/238873042-the-art-of-loving-you,,,,2026-07-21,error_202,238873042
book_235992316,,https://www.goodreads.com/book/show/235992316-save-the-date,,,,2026-07-21,error_202,235992316
book_238766989,,https://www.goodreads.com/book/show/238766989-summer-official,,,,2026-07-21,error_202,238766989
book_222798707,,https://www.goodreads.com/book/show/222798707-the-labyrinth-of-waking-dreams,,,,2026-07-21,error_202,222798707
book_239152361,,https://www.goodreads.com/book/show/239152361-gods-comics,,,,2026-07-21,error_202,239152361
book_239680392,,https://www.goodreads.com/book/show/239680392-dreamt-i-found-you,,,,2026-07-21,error_202,239680392
book_239680461,,https://www.goodreads.com/book/show/239680461-the-unruly-heart-of-miss-darcy,,,,2026-07-21,error_202,239680461
book_239680443,,https://www.goodreads.com/book/show/239680443-seyoon-and-dean-unscripted,,,,2026-07-21,error_202,239680443
book_232737557,,https://www.goodreads.com/book/show/232737557-your-soulmail-is-attached,,,,2026-07-21,error_202,232737557
book_236304687,,https://www.goodreads.com/book/show/236304687-in-pursuit-of-civility,,,,2026-07-21,error_202,236304687
book_239152646,,https://www.goodreads.com/book/show/239152646-the-bush-tea-murder,,,,2026-07-21,error_202,239152646
book_218240376,,https://www.goodreads.com/book/show/218240376-the-boyfriend-academy,,,,2026-07-21,error_202,218240376
book_238227064,,https://www.goodreads.com/book/show/238227064-when-you-re-brave-enough,,,,2026-07-21,error_202,238227064
book_239433291,,https://www.goodreads.com/book/show/239433291-the-castle-of-stories,,,,2026-07-21,error_202,239433291
book_249538573,,https://www.goodreads.com/book/show/249538573-the-life-she-forgot,,,,2026-07-21,error_202,249538573
book_246714078,,https://www.goodreads.com/book/show/246714078-you-were-always-there,,,,2026-07-21,error_202,246714078
book_228665714,,https://www.goodreads.com/book/show/228665714-forgive-me-not,,,,2026-07-21,error_202,228665714
book_247231333,,https://www.goodreads.com/book/show/247231333-trust,,,,2026-07-21,error_202,247231333
book_238766673,,https://www.goodreads.com/book/show/238766673-ballad-of-sword-and-wine,,,,2026-07-21,error_202,238766673
book_57223202,,https://www.goodreads.com/book/show/57223202-the-afterlands,,,,2026-07-21,error_202,57223202
book_240645979,,https://www.goodreads.com/book/show/240645979-burn-of-summer,,,,2026-07-21,error_202,240645979
book_231403178,,https://www.goodreads.com/book/show/231403178-love-other-monsters,,,,2026-07-21,error_202,231403178
book_214438327,,https://www.goodreads.com/book/show/214438327-the-spell-for-unraveling,,,,2026-07-21,error_202,214438327
book_248105551,,https://www.goodreads.com/book/show/248105551-stay-with-me,,,,2026-07-21,error_202,248105551
book_238438016,,https://www.goodreads.com/book/show/238438016-unapologetic-love-story,,,,2026-07-21,error_202,238438016
book_199820367,,https://www.goodreads.com/book/show/199820367-can-t-get-enough-of-the-duke,,,,2026-07-21,error_202,199820367
book_245003464,,https://www.goodreads.com/book/show/245003464-hell-to-pay,,,,2026-07-21,error_202,245003464
book_239820578,,https://www.goodreads.com/book/show/239820578-a-murder-in-marylebone,,,,2026-07-21,error_202,239820578
book_225819122,,https://www.goodreads.com/book/show/225819122-the-duke-s-got-mail,,,,2026-07-21,error_202,225819122
book_249481414,,https://www.goodreads.com/book/show/249481414-safe-haven,,,,2026-07-21,error_202,249481414
book_239153908,,https://www.goodreads.com/book/show/239153908-someday-perfect,,,,2026-07-21,error_202,239153908
book_240382002,,https://www.goodreads.com/book/show/240382002-game-on,,,,2026-07-21,error_202,240382002
book_236772706,,https://www.goodreads.com/book/show/236772706-no-matter-what,,,,2026-07-21,error_202,236772706
book_236847870,,https://www.goodreads.com/book/show/236847870-how-to-write-a-love-story,,,,2026-07-21,error_202,236847870
book_235992657,,https://www.goodreads.com/book/show/235992657-almost-life,,,,2026-07-21,error_202,235992657
book_237831933,,https://www.goodreads.com/book/show/237831933-drifting-dawn,,,,2026-07-21,error_202,237831933
book_235699965,,https://www.goodreads.com/book/show/235699965-the-book-tour,,,,2026-07-21,error_202,235699965
book_235672421,,https://www.goodreads.com/book/show/235672421-star-shipped,,,,2026-07-21,error_202,235672421
book_231127254,,https://www.goodreads.com/book/show/231127254-in-time-with-you,,,,2026-07-21,error_202,231127254
book_236772844,,https://www.goodreads.com/book/show/236772844-a-latte-like-love,,,,2026-07-21,error_202,236772844
book_231387337,,https://www.goodreads.com/book/show/231387337-if-we-never-end,,,,2026-07-21,error_202,231387337
book_59971359,,https://www.goodreads.com/book/show/59971359-prom-king,,,,2026-07-21,error_202,59971359
book_228342291,,https://www.goodreads.com/book/show/228342291-right-as-rain,,,,2026-07-21,error_202,228342291
book_247848443,,https://www.goodreads.com/book/show/247848443-the-long-way-back-to-you,,,,2026-07-21,error_202,247848443
book_237134719,,https://www.goodreads.com/book/show/237134719-charmed-and-dangerous,,,,2026-07-21,error_202,237134719
book_228342261,,https://www.goodreads.com/book/show/228342261-someone-to-daydream-about,,,,2026-07-21,error_202,228342261
book_228726050,,https://www.goodreads.com/book/show/228726050-the-perfect-match,,,,2026-07-21,error_202,228726050
book_239430383,,https://www.goodreads.com/book/show/239430383-the-silver-lake-hotel,,,,2026-07-21,error_202,239430383
book_240767249,,https://www.goodreads.com/book/show/240767249-claire-holloway-is-winging-it,,,,2026-07-21,error_202,240767249
book_249875493,,https://www.goodreads.com/book/show/249875493-worth-the-fight,,,,2026-07-21,error_202,249875493
book_249582279,,https://www.goodreads.com/book/show/249582279-the-royal-reveal,,,,2026-07-21,error_202,249582279
book_248944639,,https://www.goodreads.com/book/show/248944639-souls-in-ruin,,,,2026-07-21,error_202,248944639
book_236772741,,https://www.goodreads.com/book/show/236772741-innamorata,,,,2026-07-21,error_202,236772741
book_221821504,,https://www.goodreads.com/book/show/221821504-the-library-of-amorlin,1087.0,3.85,"{""fantasy"": null, ""romance"": null, ""romantasy"": null, ""adult"": null, ""fiction"": null, ""audiobook"": null, ""fantasy romance"": null, ""magic"": null, ""high fantasy"": null, ""books about books"": null}",2026-07-21,success,221821504
book_232736952,,https://www.goodreads.com/book/show/232736952-cinder-vale,1615.0,4.53,"{""fantasy"": null, ""romantasy"": null, ""enemies to lovers"": null, ""romance"": null, ""fantasy romance"": null, ""audiobook"": null, ""fae"": null, ""dragons"": null, ""slow burn"": null, ""dark"": null}",2026-07-21,success,232736952
book_235699045,,https://www.goodreads.com/book/show/235699045-her-hidden-fire,607.0,3.73,"{""fantasy"": null, ""young adult"": null, ""romantasy"": null, ""dragons"": null, ""romance"": null, ""fiction"": null, ""magic"": null, ""young adult fantasy"": null, ""audiobook"": null, ""fantasy romance"": null}",2026-07-21,success,235699045
book_236115775,,https://www.goodreads.com/book/show/236115775-the-fox-and-the-devil,946.0,3.72,"{""fantasy"": null, ""horror"": null, ""vampires"": null, ""romance"": null, ""lesbian"": null, ""queer"": null, ""lgbt"": null, ""paranormal"": null, ""adult"": null, ""historical fiction"": null}",2026-07-21,success,236115775
book_231003006,,https://www.goodreads.com/book/show/231003006-midnight-on-the-celestial,622.0,3.74,"{""fantasy"": null, ""young adult"": null, ""mystery"": null, ""horror"": null, ""romance"": null, ""audiobook"": null, ""thriller"": null, ""young adult fantasy"": null, ""magic"": null, ""romantasy"": null}",2026-07-21,success,231003006
book_224009506,,https://www.goodreads.com/book/show/224009506-mayhem-and-the-mortal,737.0,3.89,"{""fantasy"": null, ""romantasy"": null, ""romance"": null, ""fantasy romance"": null, ""adult"": null, ""audiobook"": null, ""fiction"": null, ""enemies to lovers"": null, ""adventure"": null, ""black author"": null}",2026-07-21,success,224009506
book_237134863,,https://www.goodreads.com/book/show/237134863-heir-of-twisted-lies,1103.0,4.2,"{""fantasy"": null, ""romantasy"": null, ""romance"": null, ""magic"": null, ""fantasy romance"": null, ""audiobook"": null, ""found family"": null, ""fiction"": null, ""enemies to lovers"": null, ""adult"": null}",2026-07-21,success,237134863
book_233717142,,https://www.goodreads.com/book/show/233717142-the-geomagician,788.0,3.76,"{""fantasy"": null, ""historical fiction"": null, ""romance"": null, ""historical"": null, ""historical fantasy"": null, ""fiction"": null, ""adult"": null, ""cozy"": null, ""cozy fantasy"": null, ""audiobook"": null}",2026-07-21,success,233717142
book_236116725,,https://www.goodreads.com/book/show/236116725-magic-and-mischief-at-the-wayside-hotel,309.0,3.54,"{""fantasy"": null, ""romance"": null, ""cozy"": null, ""romantasy"": null, ""cozy fantasy"": null, ""fiction"": null, ""paranormal"": null, ""adult"": null, ""fantasy romance"": null, ""magic"": null}",2026-07-21,success,236116725
book_238750605,,https://www.goodreads.com/book/show/238750605-sight-unseen,631.0,3.9,"{""fantasy"": null, ""romance"": null, ""romantasy"": null, ""mystery"": null, ""magic"": null, ""fantasy romance"": null, ""fiction"": null, ""audiobook"": null, ""enemies to lovers"": null, ""contemporary"": null}",2026-07-21,success,238750605
book_232908735,,https://www.goodreads.com/book/show/232908735-the-last-starborn-seer,621.0,3.22,"{""fantasy"": null, ""romantasy"": null, ""romance"": null, ""adult"": null, ""fantasy romance"": null, ""magic"": null, ""fiction"": null, ""high fantasy"": null, ""enemies to lovers"": null, ""audiobook"": null}",2026-07-21,success,232908735
book_237693065,,https://www.goodreads.com/book/show/237693065-a-widow-s-charm,450.0,3.91,"{""fantasy"": null, ""romance"": null, ""cozy"": null, ""cozy fantasy"": null, ""fiction"": null, ""romantasy"": null, ""fantasy romance"": null, ""historical fiction"": null, ""adult"": null, ""historical"": null}",2026-07-21,success,237693065
book_235992805,,https://www.goodreads.com/book/show/235992805-ruinous-creatures,371.0,3.35,"{""fantasy"": null, ""romantasy"": null, ""romance"": null, ""adult"": null, ""dragons"": null, ""magic"": null, ""fantasy romance"": null, ""fiction"": null, ""gothic"": null, ""dark fantasy"": null}",2026-07-21,success,235992805
book_237100527,,https://www.goodreads.com/book/show/237100527-this-will-be-interesting,265.0,3.83,"{""fantasy"": null, ""romance"": null, ""romantasy"": null, ""fiction"": null, ""audiobook"": null, ""humor"": null, ""fantasy romance"": null, ""lgbt"": null, ""cozy fantasy"": null, ""queer"": null}",2026-07-21,success,237100527
book_236064337,,https://www.goodreads.com/book/show/236064337-the-dragon-and-the-sun-lotus,471.0,3.7,"{""fantasy"": null, ""romance"": null, ""romantasy"": null, ""young adult"": null, ""dragons"": null, ""enemies to lovers"": null, ""fiction"": null, ""asian literature"": null, ""young adult fantasy"": null, ""audiobook"": null}",2026-07-21,success,236064337
book_239399529,,https://www.goodreads.com/book/show/239399529-sing-the-night,108.0,3.7,"{""fantasy"": null, ""retellings"": null, ""young adult"": null, ""romance"": null, ""gothic"": null, ""romantasy"": null, ""fantasy romance"": null, ""young adult fantasy"": null, ""fiction"": null, ""adult fiction"": null}",2026-07-21,success,239399529
book_208694521,,https://www.goodreads.com/book/show/208694521-entwined,138.0,3.65,"{""fantasy"": null, ""historical fiction"": null, ""historical"": null, ""historical fantasy"": null, ""audiobook"": null, ""fiction"": null, ""romance"": null, ""adult"": null, ""adult fiction"": null, ""romantasy"": null}",2026-07-21,success,208694521
book_239151835,,https://www.goodreads.com/book/show/239151835-where-dreams-fall,475.0,3.97,"{""fantasy"": null, ""romantasy"": null, ""fae"": null, ""romance"": null, ""magic"": null, ""fantasy romance"": null, ""dark romance"": null, ""audiobook"": null, ""dark"": null, ""fiction"": null}",2026-07-21,success,239151835
book_239444438,,https://www.goodreads.com/book/show/239444438-these-shattered-spires,217.0,3.67,"{""fantasy"": null, ""young adult"": null, ""queer"": null, ""lgbt"": null, ""gothic"": null, ""young adult fantasy"": null, ""lesbian"": null, ""fiction"": null, ""audiobook"": null, ""dark fantasy"": null}",2026-07-21,success,239444438
book_235992253,,https://www.goodreads.com/book/show/235992253-devious-prey,190.0,3.85,"{""fantasy"": null, ""young adult"": null, ""dragons"": null, ""fiction"": null, ""mystery"": null, ""magic"": null, ""adventure"": null, ""audiobook"": null, ""thriller"": null, ""young adult fantasy"": null}",2026-07-21,success,235992253
book_236117113,,https://www.goodreads.com/book/show/236117113-witch-of-the-shadow-wood,49.0,3.84,"{""fantasy"": null, ""lesbian"": null, ""retellings"": null, ""romance"": null, ""queer"": null, ""lgbt"": null, ""adult"": null, ""romantasy"": null, ""witches"": null, ""cozy"": null}",2026-07-21,success,236117113
book_250381325,,https://www.goodreads.com/book/show/250381325-stone-of-legends,66.0,4.42,"{""fantasy"": null, ""romantasy"": null, ""fae"": null, ""romance"": null, ""fantasy romance"": null, ""fiction"": null, ""enemies to lovers"": null}",2026-07-21,success,250381325
book_234943286,,https://www.goodreads.com/book/show/234943286-the-ruins-beneath-us,413.0,3.87,"{""fantasy"": null, ""romantasy"": null, ""romance"": null, ""young adult"": null, ""fae"": null, ""fantasy romance"": null, ""audiobook"": null, ""enemies to lovers"": null, ""fiction"": null, ""magic"": null}",2026-07-21,success,234943286
book_236079808,,https://www.goodreads.com/book/show/236079808-brighter-than-nine,229.0,3.82,"{""fantasy"": null, ""young adult"": null, ""romance"": null, ""mythology"": null, ""urban fantasy"": null, ""young adult fantasy"": null, ""audiobook"": null, ""fiction"": null, ""romantasy"": null, ""queer"": null}",2026-07-21,success,236079808
book_247961985,,https://www.goodreads.com/book/show/247961985-fated-rebirth,244.0,4.16,"{""fantasy"": null, ""dark romance"": null, ""romantasy"": null, ""dark academia"": null, ""romance"": null, ""fantasy romance"": null, ""dark romantasy"": null, ""enemies to lovers"": null, ""slow burn"": null, ""paranormal"": null}",2026-07-21,success,247961985
book_249263038,,https://www.goodreads.com/book/show/249263038-a-villain-s-hope,39.0,4.7,"{""fantasy"": null, ""romantasy"": null, ""lgbt"": null}",2026-07-21,success,249263038
book_228440565,,https://www.goodreads.com/book/show/228440565-bitterbloom,190.0,3.46,"{""fantasy"": null, ""horror"": null, ""gothic"": null, ""romance"": null, ""romantasy"": null, ""fiction"": null, ""dark fantasy"": null, ""dark"": null, ""fantasy romance"": null, ""adult fiction"": null}",2026-07-21,success,228440565
book_247268080,,https://www.goodreads.com/book/show/247268080-soulfyre,197.0,4.19,"{""fantasy"": null, ""romantasy"": null, ""fae"": null, ""fantasy romance"": null, ""romance"": null, ""adventure"": null}",2026-07-21,success,247268080
book_209935535,,https://www.goodreads.com/book/show/209935535-my-striking-beauty,44.0,4.23,"{""fantasy"": null, ""romance"": null, ""romantasy"": null, ""retellings"": null, ""fake dating"": null, ""fiction"": null, ""fantasy romance"": null, ""cinderella"": null}",2026-07-21,success,209935535
book_228342414,,https://www.goodreads.com/book/show/228342414-the-beasts-we-raise,180.0,3.75,"{""fantasy"": null, ""young adult"": null, ""romantasy"": null, ""romance"": null, ""audiobook"": null, ""young adult fantasy"": null, ""fiction"": null}",2026-07-21,success,228342414
book_240927411,,https://www.goodreads.com/book/show/240927411-lightguard,211.0,4.26,"{""fantasy"": null, ""romantasy"": null, ""romance"": null, ""enemies to lovers"": null, ""adult"": null, ""found family"": null, ""magic"": null, ""queer"": null, ""fantasy romance"": null, ""forced proximity"": null}",2026-07-21,success,240927411
book_235817463,,https://www.goodreads.com/book/show/235817463-a-remedy-for-fate,110.0,3.74,"{""fantasy"": null, ""romance"": null, ""historical fiction"": null, ""romantasy"": null, ""historical fantasy"": null, ""retellings"": null, ""cozy fantasy"": null, ""witches"": null, ""magic"": null, ""historical"": null}",2026-07-21,success,235817463
book_239247306,,https://www.goodreads.com/book/show/239247306-the-bewitching-miss-blair,89.0,4.02,"{""fantasy"": null, ""romance"": null, ""historical romance"": null, ""mystery"": null, ""historical fiction"": null, ""historical"": null, ""witches"": null, ""cozy"": null, ""magic"": null, ""audiobook"": null}",2026-07-21,success,239247306
book_244667464,,https://www.goodreads.com/book/show/244667464-the-savior-s-army,77.0,3.59,"{""fantasy"": null, ""romance"": null, ""romantasy"": null, ""adult"": null, ""fiction"": null, ""dark fantasy"": null}",2026-07-21,success,244667464
book_235992328,,https://www.goodreads.com/book/show/235992328-divine-descent,37.0,3.78,"{""fantasy"": null, ""romantasy"": null, ""romance"": null, ""mythology"": null, ""dark romance"": null, ""adult"": null}",2026-07-21,success,235992328
book_248950372,,https://www.goodreads.com/book/show/248950372-revenge-and-ruin-the-bone-moon-trilogy-2,39.0,4.49,"{""fantasy"": null, ""romantasy"": null, ""romance"": null}",2026-07-21,success,248950372
book_231127064,,https://www.goodreads.com/book/show/231127064-stranger-things-have-happened,1396.0,3.81,"{""romance"": null, ""contemporary"": null, ""audiobook"": null, ""adult"": null, ""fiction"": null, ""contemporary romance"": null, ""fake dating"": null, ""chick lit"": null, ""rom com"": null, ""adult fiction"": null}",2026-07-21,success,231127064
book_236488554,,https://www.goodreads.com/book/show/236488554-not-what-we-pictured,345.0,3.67,"{""romance"": null, ""christian fiction"": null, ""contemporary"": null, ""audiobook"": null, ""rom com"": null, ""fiction"": null, ""christian"": null, ""clean romance"": null, ""contemporary romance"": null, ""christian romance"": null}",2026-07-21,success,236488554
book_236368418,,https://www.goodreads.com/book/show/236368418-the-daisy-chain-flower-shop,4898.0,3.88,"{""romance"": null, ""audiobook"": null, ""contemporary"": null, ""fiction"": null, ""contemporary romance"": null, ""small town romance"": null, ""summer"": null, ""cozy"": null, ""adult"": null, ""fake dating"": null}",2026-07-21,success,236368418
book_62926938,,https://www.goodreads.com/book/show/62926938-the-seven-year-slip,,,"{""romance"": null, ""fiction"": null, ""audiobook"": null, ""magical realism"": null, ""book club"": null, ""contemporary"": null, ""fantasy"": null, ""time travel"": null, ""contemporary romance"": null, ""adult"": null}",2026-07-21,success,62926938
book_246966008,,https://www.goodreads.com/book/show/246966008-forever-fighting,511.0,4.32,"{""friends to lovers"": null, ""forced proximity"": null, ""romance"": null, ""he falls first"": null, ""audiobook"": null, ""contemporary"": null, ""billionaire romance"": null, ""contemporary romance"": null, ""nursing"": null, ""spicy"": null}",2026-07-21,success,246966008
book_232885690,,https://www.goodreads.com/book/show/232885690-the-heir-apparent,6082.0,3.78,"{""fiction"": null, ""romance"": null, ""audiobook"": null, ""contemporary"": null, ""book club"": null, ""chick lit"": null, ""adult"": null, ""royalty"": null, ""contemporary romance"": null, ""adult fiction"": null}",2026-07-21,success,232885690
book_210479324,,https://www.goodreads.com/book/show/210479324-birds-of-a-feather,1654.0,4.51,"{""romance"": null, ""dark romance"": null, ""audiobook"": null, ""enemies to lovers"": null, ""contemporary romance"": null, ""forced proximity"": null, ""dark"": null, ""fiction"": null, ""contemporary"": null, ""military fiction"": null}",2026-07-21,success,210479324
book_197363933,,https://www.goodreads.com/book/show/197363933-the-games-gods-play,14642.0,4.13,"{""fantasy"": null, ""romantasy"": null, ""romance"": null, ""mythology"": null, ""audiobook"": null, ""fantasy romance"": null, ""fiction"": null, ""greek mythology"": null, ""adult"": null, ""book club"": null}",2026-07-21,success,197363933
book_242575579,,https://www.goodreads.com/book/show/242575579-the-silversmith,5171.0,4.0,"{""fantasy"": null, ""romantasy"": null, ""romance"": null, ""fantasy romance"": null, ""slow burn"": null, ""magic"": null, ""audiobook"": null, ""forced proximity"": null, ""fiction"": null, ""adult"": null}",2026-07-21,success,242575579
book_231421727,,https://www.goodreads.com/book/show/231421727-to-cage-a-wild-bird,,,,2026-07-21,error_202,231421727
book_217388100,,https://www.goodreads.com/book/show/217388100-the-enchanted-greenhouse,,,,2026-07-21,error_202,217388100
book_236304647,,https://www.goodreads.com/book/show/236304647-harbor-pointe,,,,2026-07-21,error_202,236304647
book_233608849,,https://www.goodreads.com/book/show/233608849-the-rise-of-the-celestials,,,,2026-07-21,error_202,233608849
book_248270259,,https://www.goodreads.com/book/show/248270259-no-gods-no-kings,,,,2026-07-21,error_202,248270259
book_246093362,,https://www.goodreads.com/book/show/246093362-darkest-storm,,,,2026-07-21,error_202,246093362
book_250931213,,https://www.goodreads.com/book/show/250931213-keep-me-safe,,,,2026-07-21,error_202,250931213
book_243842864,,https://www.goodreads.com/book/show/243842864-set-it-right,,,,2026-07-21,error_202,243842864
book_243306431,,https://www.goodreads.com/book/show/243306431-the-prince-s-charm,,,,2026-07-21,error_202,243306431
book_243380363,,https://www.goodreads.com/book/show/243380363-married-to-secrets,,,,2026-07-21,error_202,243380363
book_239780132,,https://www.goodreads.com/book/show/239780132-love-galaxy,,,,2026-07-21,error_202,239780132
book_230926478,,https://www.goodreads.com/book/show/230926478-in-her-own-league,,,,2026-07-21,error_202,230926478
book_211399784,,https://www.goodreads.com/book/show/211399784-the-favorites,,,,2026-07-21,error_202,211399784
book_243786341,,https://www.goodreads.com/book/show/243786341-my-forever-girl,,,,2026-07-21,error_202,243786341
book_249199358,,https://www.goodreads.com/book/show/249199358-lift-me-up,,,,2026-07-21,error_202,249199358
book_233892871,,https://www.goodreads.com/book/show/233892871-twisted-pawn,,,,2026-07-21,error_202,233892871
book_242542304,,https://www.goodreads.com/book/show/242542304-the-tomorrow-tree,,,,2026-07-21,error_202,242542304
book_238872971,,https://www.goodreads.com/book/show/238872971-one-only,,,,2026-07-21,error_202,238872971
book_217477109,,https://www.goodreads.com/book/show/217477109-empire-of-flame-and-thorns,,,,2026-07-21,error_202,217477109
book_207041696,,https://www.goodreads.com/book/show/207041696-kingdom-of-claw,,,,2026-07-21,error_202,207041696
book_198107923,,https://www.goodreads.com/book/show/198107923-storm-of-secrets-and-sorrow,,,,2026-07-21,error_202,198107923
book_238940765,,https://www.goodreads.com/book/show/238940765-it-happened-one-murder,,,,2026-07-21,error_202,238940765
book_242978188,,https://www.goodreads.com/book/show/242978188-artifacts,,,,2026-07-21,error_202,242978188
book_239188103,,https://www.goodreads.com/book/show/239188103-frozen-heart,,,,2026-07-21,error_202,239188103
book_237353858,,https://www.goodreads.com/book/show/237353858-spies-lies-and-alibis,,,,2026-07-21,error_202,237353858
book_240382146,,https://www.goodreads.com/book/show/240382146-a-perfect-hand,,,,2026-07-21,error_202,240382146
book_224004450,,https://www.goodreads.com/book/show/224004450-the-last-lady-b,,,,2026-07-21,error_202,224004450
book_239744709,,https://www.goodreads.com/book/show/239744709-how-the-story-goes,,,,2026-07-21,error_202,239744709
book_239151702,,https://www.goodreads.com/book/show/239151702-forty-love,,,,2026-07-21,error_202,239151702
book_240748547,,https://www.goodreads.com/book/show/240748547-no-god-but-us,,,,2026-07-21,error_202,240748547
book_240019850,,https://www.goodreads.com/book/show/240019850-shapes-of-love,,,,2026-07-21,error_202,240019850
book_240688568,,https://www.goodreads.com/book/show/240688568-the-maidenheads,,,,2026-07-21,error_202,240688568
book_241673965,,https://www.goodreads.com/book/show/241673965-smash-or-pass,,,,2026-07-21,error_202,241673965
book_250190421,,https://www.goodreads.com/book/show/250190421-the-island-bakeshop,,,,2026-07-21,error_202,250190421
book_240350695,,https://www.goodreads.com/book/show/240350695-the-house-of-now-and-then,,,,2026-07-21,error_202,240350695
book_236898883,,https://www.goodreads.com/book/show/236898883-too-fast-to-fall,,,,2026-07-21,error_202,236898883
book_251474237,,https://www.goodreads.com/book/show/251474237-i-knew-her-once,,,,2026-07-21,error_202,251474237
book_237615266,,https://www.goodreads.com/book/show/237615266-you-re-dead-to-me-reed-walker,,,,2026-07-21,error_202,237615266
book_241039999,,https://www.goodreads.com/book/show/241039999-teddy-bears-never-die,,,,2026-07-21,error_202,241039999
book_242745686,,https://www.goodreads.com/book/show/242745686-chase-the-light,,,,2026-07-21,error_202,242745686
book_240351092,,https://www.goodreads.com/book/show/240351092-an-expanse-of-blue,,,,2026-07-21,error_202,240351092
book_242978550,,https://www.goodreads.com/book/show/242978550-oh-my-affogato,,,,2026-07-21,error_202,242978550
book_240687168,,https://www.goodreads.com/book/show/240687168-calypso-s-odyssey,,,,2026-07-21,error_202,240687168
book_240687394,,https://www.goodreads.com/book/show/240687394-how-to-lose-a-laird,,,,2026-07-21,error_202,240687394
book_243617472,,https://www.goodreads.com/book/show/243617472-this-is-why-i-need-you,,,,2026-07-21,error_202,243617472
book_240748555,,https://www.goodreads.com/book/show/240748555-lake-life,,,,2026-07-21,error_202,240748555
book_240114093,,https://www.goodreads.com/book/show/240114093-in-between-days,,,,2026-07-21,error_202,240114093
book_240748565,,https://www.goodreads.com/book/show/240748565-meet-me-at-the-picket-line,,,,2026-07-21,error_202,240748565
book_251684989,,https://www.goodreads.com/book/show/251684989-achilles,,,,2026-07-21,error_202,251684989
book_220769791,,https://www.goodreads.com/book/show/220769791-legacy-of-desire,,,,2026-07-21,error_202,220769791
book_244953206,,https://www.goodreads.com/book/show/244953206-miss-beth-bettencourt,,,,2026-07-21,error_202,244953206
book_236878084,,https://www.goodreads.com/book/show/236878084-the-dove-and-the-rogue,,,,2026-07-21,error_202,236878084
book_237615294,,https://www.goodreads.com/book/show/237615294-we-could-be-anyone,,,,2026-07-21,error_202,237615294
book_239780169,,https://www.goodreads.com/book/show/239780169-mothman-is-my-boyfriend,,,,2026-07-21,error_202,239780169
book_239453885,,https://www.goodreads.com/book/show/239453885-rainy-day-meet-cute,,,,2026-07-21,error_202,239453885
book_250704625,,https://www.goodreads.com/book/show/250704625-14-yubisaki-to-renren-14,,,,2026-07-21,error_202,250704625
book_247590546,,https://www.goodreads.com/book/show/247590546-chai-and-charmcraft,,,,2026-07-21,error_202,247590546
book_224003514,,https://www.goodreads.com/book/show/224003514-fine-print-volume-3,,,,2026-07-21,error_202,224003514
book_247189173,,https://www.goodreads.com/book/show/247189173-all-things-devour,,,,2026-07-21,error_202,247189173
book_249061617,,https://www.goodreads.com/book/show/249061617-the-golden-jackal,,,,2026-07-21,error_202,249061617
book_231698932,,https://www.goodreads.com/book/show/231698932-king-of-gluttony,,,,2026-07-21,error_202,231698932
book_236142491,,https://www.goodreads.com/book/show/236142491-cherry-baby,,,,2026-07-21,error_202,236142491
book_239151042,,https://www.goodreads.com/book/show/239151042-annie-knows-everything,,,,2026-07-21,error_202,239151042
book_156714412,,https://www.goodreads.com/book/show/156714412-i-could-give-you-the-moon,,,,2026-07-21,error_202,156714412
book_238767001,,https://www.goodreads.com/book/show/238767001-the-name-game,,,,2026-07-21,error_202,238767001
book_238227070,,https://www.goodreads.com/book/show/238227070-the-paris-match,,,,2026-07-21,error_202,238227070
book_235992492,,https://www.goodreads.com/book/show/235992492-happy-ending,,,,2026-07-21,error_202,235992492
book_238179132,,https://www.goodreads.com/book/show/238179132-enemies-to-lovers,,,,2026-07-21,error_202,238179132
book_238766783,,https://www.goodreads.com/book/show/238766783-don-t-tell-me-how-it-ends,,,,2026-07-21,error_202,238766783
book_238227084,,https://www.goodreads.com/book/show/238227084-the-write-off,,,,2026-07-21,error_202,238227084
book_244967319,,https://www.goodreads.com/book/show/244967319-unapologetic-love-story,,,,2026-07-21,error_202,244967319
book_222420098,,https://www.goodreads.com/book/show/222420098-the-summer-i-found-you,,,,2026-07-21,error_202,222420098
book_239152349,,https://www.goodreads.com/book/show/239152349-boots-beneath-her-bed,,,,2026-07-21,error_202,239152349
book_227772353,,https://www.goodreads.com/book/show/227772353-more-like-enemigas,,,,2026-07-21,error_202,227772353
book_243438123,,https://www.goodreads.com/book/show/243438123-the-alias-agenda,,,,2026-07-21,error_202,243438123
book_244171236,,https://www.goodreads.com/book/show/244171236-the-woman-from-nowhere,,,,2026-07-21,error_202,244171236
book_240687164,,https://www.goodreads.com/book/show/240687164-the-summer-of-lost-things,,,,2026-07-21,error_202,240687164
book_32784116,,https://www.goodreads.com/book/show/32784116-falter,,,,2026-07-21,error_202,32784116
book_232951440,,https://www.goodreads.com/book/show/232951440-heart-racer,,,,2026-07-21,error_202,232951440
book_250411128,,https://www.goodreads.com/book/show/250411128-mr-2-out-of-10,,,,2026-07-21,error_202,250411128
book_247202588,,https://www.goodreads.com/book/show/247202588-true-colors,,,,2026-07-21,error_202,247202588
book_61854803,,https://www.goodreads.com/book/show/61854803-father-material,,,,2026-07-21,error_202,61854803
book_247140851,,https://www.goodreads.com/book/show/247140851-the-hot-honey-hideaway,,,,2026-07-21,error_202,247140851
book_240114323,,https://www.goodreads.com/book/show/240114323-dangerously-ours,,,,2026-07-21,error_202,240114323
book_240381682,,https://www.goodreads.com/book/show/240381682-double-happiness,,,,2026-07-21,error_202,240381682
book_239494035,,https://www.goodreads.com/book/show/239494035-serving-up-a-second-chance,,,,2026-07-21,error_202,239494035
book_234571655,,https://www.goodreads.com/book/show/234571655-unveiled,,,,2026-07-21,error_202,234571655
book_236764591,,https://www.goodreads.com/book/show/236764591-sun-kissed-fangs,,,,2026-07-21,error_202,236764591
book_250681590,,https://www.goodreads.com/book/show/250681590-crown-me-dead,,,,2026-07-21,error_202,250681590
book_241908745,,https://www.goodreads.com/book/show/241908745-blood-bound,,,,2026-07-21,error_202,241908745
book_239152339,,https://www.goodreads.com/book/show/239152339-thistlemarsh,,,,2026-07-21,error_202,239152339
book_239680395,,https://www.goodreads.com/book/show/239680395-the-wicked-sea,,,,2026-07-21,error_202,239680395
book_235992422,,https://www.goodreads.com/book/show/235992422-deathbringer,,,,2026-07-21,error_202,235992422
book_236809193,,https://www.goodreads.com/book/show/236809193-death-meets-cute,,,,2026-07-21,error_202,236809193
book_239680464,,https://www.goodreads.com/book/show/239680464-an-arcane-study-of-stars,,,,2026-07-21,error_202,239680464
book_62991929,,https://www.goodreads.com/book/show/62991929-honor-heresy,,,,2026-07-21,error_202,62991929
book_231126874,,https://www.goodreads.com/book/show/231126874-bloodsinger,,,,2026-07-21,error_202,231126874
book_238766958,,https://www.goodreads.com/book/show/238766958-stay-for-a-spell,,,,2026-07-21,error_202,238766958
book_249199989,,https://www.goodreads.com/book/show/249199989-bloom-blood,,,,2026-07-21,error_202,249199989
book_239152343,,https://www.goodreads.com/book/show/239152343-the-antiquarian-s-object-of-desire,,,,2026-07-21,error_202,239152343
book_234508454,,https://www.goodreads.com/book/show/234508454-frozen-by-stardust,,,,2026-07-21,error_202,234508454
book_240591615,,https://www.goodreads.com/book/show/240591615-the-arachnid,,,,2026-07-21,error_202,240591615
book_235991990,,https://www.goodreads.com/book/show/235991990-year-of-the-mer,,,,2026-07-21,error_202,235991990
book_230612600,,https://www.goodreads.com/book/show/230612600-the-gravewood,,,,2026-07-21,error_202,230612600
book_231127414,,https://www.goodreads.com/book/show/231127414-west-of-wicked,,,,2026-07-21,error_202,231127414
book_223120417,,https://www.goodreads.com/book/show/223120417-witch-queen-rising,,,,2026-07-21,error_202,223120417
book_231147851,,https://www.goodreads.com/book/show/231147851-deathly-fates,,,,2026-07-21,error_202,231147851
book_239680558,,https://www.goodreads.com/book/show/239680558-city-of-iron-and-ivy,,,,2026-07-21,error_202,239680558
book_231387395,,https://www.goodreads.com/book/show/231387395-to-steal-a-throne,,,,2026-07-21,error_202,231387395
book_239433096,,https://www.goodreads.com/book/show/239433096-the-sea-spinner,,,,2026-07-21,error_202,239433096
book_238767019,,https://www.goodreads.com/book/show/238767019-princeweaver,,,,2026-07-21,error_202,238767019
book_239680554,,https://www.goodreads.com/book/show/239680554-the-impossible-garden-of-clara-thorne,,,,2026-07-21,error_202,239680554
book_236117070,,https://www.goodreads.com/book/show/236117070-we-become-darkness,,,,2026-07-21,error_202,236117070
book_239680397,,https://www.goodreads.com/book/show/239680397-the-tricky-business-of-faerie-bargains,,,,2026-07-21,error_202,239680397
book_239433293,,https://www.goodreads.com/book/show/239433293-our-rogue-fates,475.0,3.79,"{""fantasy"": null, ""romance"": null, ""romantasy"": null, ""queer"": null, ""lgbt"": null, ""m m romance"": null, ""adult"": null, ""enemies to lovers"": null, ""audiobook"": null, ""fantasy romance"": null}",2026-07-21,success,239433293
book_236809184,,https://www.goodreads.com/book/show/236809184-cruel-angel-deluxe-edition,264.0,3.84,"{""romance"": null, ""dark romance"": null, ""fantasy"": null, ""retellings"": null, ""paranormal romance"": null, ""why choose"": null, ""vampires"": null, ""romantasy"": null, ""audiobook"": null, ""dark"": null}",2026-07-21,success,236809184
book_238767016,,https://www.goodreads.com/book/show/238767016-daughter-of-the-wind,91.0,3.59,"{""fantasy"": null, ""romance"": null, ""romantasy"": null, ""adult"": null, ""fiction"": null, ""horses"": null, ""magic"": null, ""animals"": null, ""fantasy romance"": null, ""science fiction fantasy"": null}",2026-07-21,success,238767016
book_238226663,,https://www.goodreads.com/book/show/238226663-the-alchemary,139.0,3.95,"{""fantasy"": null, ""romantasy"": null, ""romance"": null, ""dark academia"": null, ""adult"": null, ""magic"": null, ""fantasy romance"": null, ""fiction"": null, ""dark"": null, ""academia"": null}",2026-07-21,success,238226663
book_234804329,,https://www.goodreads.com/book/show/234804329-the-demonic-inventions-of-aurelie-blake,151.0,3.66,"{""fantasy"": null, ""young adult"": null, ""romance"": null, ""romantasy"": null, ""dark academia"": null, ""demons"": null, ""young adult fantasy"": null, ""paranormal"": null, ""fiction"": null, ""fantasy romance"": null}",2026-07-21,success,234804329
book_239413682,,https://www.goodreads.com/book/show/239413682-the-night-king-s-court,91.0,3.71,"{""fantasy"": null, ""young adult"": null, ""lesbian"": null, ""queer"": null, ""romance"": null, ""lgbt"": null, ""cozy"": null, ""young adult fantasy"": null, ""cozy fantasy"": null, ""romantasy"": null}",2026-07-21,success,239413682
book_235992393,,https://www.goodreads.com/book/show/235992393-infinite-shores,224.0,4.09,"{""fantasy"": null, ""dark academia"": null, ""young adult"": null, ""romance"": null, ""fiction"": null, ""magic"": null, ""audiobook"": null, ""paranormal"": null, ""lgbt"": null, ""romantasy"": null}",2026-07-21,success,235992393
book_239680531,,https://www.goodreads.com/book/show/239680531-honey-in-her-veins,131.0,3.96,"{""fantasy"": null, ""romance"": null, ""magical realism"": null, ""fantasy romance"": null, ""fiction"": null, ""romantasy"": null, ""second chance romance"": null, ""science fiction fantasy"": null, ""adult"": null, ""gothic"": null}",2026-07-21,success,239680531
book_221577707,,https://www.goodreads.com/book/show/221577707-vile-lady-villains,326.0,3.53,"{""fantasy"": null, ""lesbian"": null, ""queer"": null, ""horror"": null, ""romance"": null, ""lgbt"": null, ""adult"": null, ""mythology"": null, ""retellings"": null, ""historical"": null}",2026-07-21,success,221577707
book_222798701,,https://www.goodreads.com/book/show/222798701-the-redwood-bargain,52.0,3.77,"{""fantasy"": null, ""young adult"": null, ""lesbian"": null, ""lgbt"": null, ""romance"": null, ""queer"": null, ""young adult fantasy"": null, ""gothic"": null, ""retellings"": null, ""fiction"": null}",2026-07-21,success,222798701
book_228011526,,https://www.goodreads.com/book/show/228011526-heir-of-broken-souls,104.0,4.04,"{""fantasy"": null, ""romantasy"": null, ""fantasy romance"": null, ""fae"": null, ""booktok"": null, ""enemies to lovers"": null, ""romance"": null}",2026-07-21,success,228011526
book_250119403,,https://www.goodreads.com/book/show/250119403-shadow-trials,755.0,4.3,"{""fantasy"": null, ""romantasy"": null, ""dragons"": null, ""romance"": null, ""gods"": null, ""enemies to lovers"": null, ""fae"": null, ""magic"": null, ""dark"": null, ""unfinished"": null}",2026-07-21,success,250119403
book_234936025,,https://www.goodreads.com/book/show/234936025-the-thorns-we-inherit,322.0,4.01,"{""fantasy"": null, ""romantasy"": null, ""gothic"": null, ""vampires"": null, ""romance"": null, ""dark fantasy"": null, ""slow burn"": null, ""fantasy romance"": null, ""dark"": null, ""forced proximity"": null}",2026-07-21,success,234936025
book_240322301,,https://www.goodreads.com/book/show/240322301-light-burned,76.0,4.18,"{""fantasy"": null, ""romance"": null, ""romantasy"": null, ""fiction"": null, ""mythology"": null, ""audiobook"": null, ""science fiction"": null, ""young adult"": null, ""fantasy romance"": null, ""science fiction fantasy"": null}",2026-07-21,success,240322301
book_251047268,,https://www.goodreads.com/book/show/251047268-the-blood-plagues,,,,2026-07-21,book_key_not_found,251047268
book_242108125,,https://www.goodreads.com/book/show/242108125-love-lethal-death-divine,147.0,4.11,"{""fantasy"": null, ""adult"": null, ""dark fantasy"": null, ""romance"": null, ""fantasy romance"": null, ""time travel"": null, ""folklore"": null, ""romantasy"": null, ""queer"": null, ""audiobook"": null}",2026-07-21,success,242108125
book_238135977,,https://www.goodreads.com/book/show/238135977-lady-agatha-speaks-her-mind,104.0,4.19,"{""fantasy"": null, ""romance"": null, ""fiction"": null, ""fairy tale retellings"": null, ""cozy fantasy"": null, ""magic"": null, ""romantasy"": null, ""retellings"": null, ""young adult"": null, ""royalty"": null}",2026-07-21,success,238135977
book_246645520,,https://www.goodreads.com/book/show/246645520-of-lust-and-lunacy,141.0,4.37,"{""fantasy"": null, ""romantasy"": null, ""adult"": null, ""magic"": null, ""friends to lovers"": null, ""romance"": null}",2026-07-21,success,246645520
book_248341735,,https://www.goodreads.com/book/show/248341735-bride-of-ash-and-dust,299.0,4.06,"{""fantasy"": null, ""romantasy"": null, ""romance"": null, ""enemies to lovers"": null, ""forced proximity"": null, ""fantasy romance"": null}",2026-07-21,success,248341735
book_239042558,,https://www.goodreads.com/book/show/239042558-an-elixir-for-wanderlust,40.0,4.39,"{""fantasy"": null, ""romance"": null, ""queer"": null, ""lgbt"": null, ""romantasy"": null, ""queer romance"": null, ""adult"": null, ""magic"": null, ""m m romance"": null, ""adult fiction"": null}",2026-07-21,success,239042558
book_246200591,,https://www.goodreads.com/book/show/246200591-hail-the-rising-tides,30.0,4.29,"{""lesbian"": null, ""fantasy"": null, ""queer"": null, ""adult"": null, ""romantasy"": null, ""lgbt"": null, ""romance"": null, ""fiction"": null, ""high fantasy"": null}",2026-07-21,success,246200591
book_238226706,,https://www.goodreads.com/book/show/238226706-morgana-and-oz-vol-4,41.0,4.42,"{""graphic novels"": null, ""fantasy"": null, ""romance"": null, ""young adult"": null, ""comics"": null, ""vampires"": null, ""paranormal"": null, ""supernatural"": null, ""manhwa"": null, ""witches"": null}",2026-07-21,success,238226706
book_247421760,,https://www.goodreads.com/book/show/247421760-the-last-guardian,226.0,4.29,"{""fantasy"": null, ""romantasy"": null, ""high fantasy"": null, ""yearning"": null, ""romance"": null, ""slow burn"": null, ""dark fantasy"": null, ""magic"": null, ""fantasy romance"": null}",2026-07-21,success,247421760
book_239051491,,https://www.goodreads.com/book/show/239051491-american-fantasy,3601.0,3.13,"{""fiction"": null, ""romance"": null, ""audiobook"": null, ""contemporary"": null, ""adult"": null, ""book club"": null, ""chick lit"": null, ""adult fiction"": null, ""literary fiction"": null, ""music"": null}",2026-07-21,success,239051491
book_240381497,,https://www.goodreads.com/book/show/240381497-the-one-day-you-were-my-husband,2264.0,3.78,"{""thriller"": null, ""mystery"": null, ""fiction"": null, ""mystery thriller"": null, ""romance"": null, ""audiobook"": null, ""suspense"": null, ""contemporary"": null, ""adult"": null, ""summer"": null}",2026-07-21,success,240381497
book_239432817,,https://www.goodreads.com/book/show/239432817-beneath,3803.0,4.12,"{""dystopia"": null, ""fantasy"": null, ""romance"": null, ""romantasy"": null, ""audiobook"": null, ""fiction"": null, ""science fiction"": null, ""fantasy romance"": null, ""adult"": null, ""book club"": null}",2026-07-21,success,239432817
book_233717187,,https://www.goodreads.com/book/show/233717187-half-city,5560.0,4.05,"{""fantasy"": null, ""romantasy"": null, ""romance"": null, ""urban fantasy"": null, ""dark academia"": null, ""audiobook"": null, ""paranormal"": null, ""fantasy romance"": null, ""demons"": null, ""adult"": null}",2026-07-21,success,233717187
book_222706197,,https://www.goodreads.com/book/show/222706197-alchemy-of-secrets,14727.0,3.84,"{""fantasy"": null, ""romance"": null, ""romantasy"": null, ""fiction"": null, ""mystery"": null, ""adult"": null, ""audiobook"": null, ""dark academia"": null, ""historical fiction"": null, ""magic"": null}",2026-07-21,success,222706197
book_230889827,,https://www.goodreads.com/book/show/230889827-the-ascended,7908.0,4.52,"{""fantasy"": null, ""romantasy"": null, ""romance"": null, ""fantasy romance"": null, ""enemies to lovers"": null, ""magic"": null, ""dark romance"": null, ""fiction"": null, ""book club"": null, ""dark"": null}",2026-07-21,success,230889827
book_239453879,,https://www.goodreads.com/book/show/239453879-the-night-bus,232.0,3.76,"{""romance"": null, ""fiction"": null, ""contemporary"": null, ""audiobook"": null, ""friends to lovers"": null, ""contemporary romance"": null, ""rom com"": null, ""adult"": null, ""chick lit"": null, ""british literature"": null}",2026-07-21,success,239453879
book_241673483,,https://www.goodreads.com/book/show/241673483-stars-stripes-summer-nights,260.0,3.7,"{""romance"": null, ""young adult"": null, ""summer"": null, ""summer reads"": null, ""young adult romance"": null, ""contemporary romance"": null, ""contemporary"": null, ""audiobook"": null, ""forced proximity"": null, ""fiction"": null}",2026-07-21,success,241673483
book_239320055,,https://www.goodreads.com/book/show/239320055-heartstopper,,,"{""romance"": null, ""graphic novels"": null, ""young adult"": null, ""lgbt"": null, ""queer"": null, ""contemporary"": null, ""comics"": null, ""fiction"": null, ""gay"": null, ""mental health"": null}",2026-07-21,success,239320055
book_222021267,,https://www.goodreads.com/book/show/222021267-mrs-endicott-s-splendid-adventure,2212.0,4.45,"{""historical fiction"": null, ""fiction"": null, ""romance"": null, ""france"": null, ""historical"": null, ""world war ii"": null, ""book club"": null, ""audiobook"": null, ""friendship"": null, ""war"": null}",2026-07-21,success,222021267
book_201120288,,https://www.goodreads.com/book/show/201120288-13,151.0,4.53,"{""comics"": null, ""manhwa"": null, ""romance"": null, ""manga"": null, ""webcomic"": null, ""slice of life"": null, ""graphic novels"": null, ""comedy"": null, ""contemporary"": null, ""fiction"": null}",2026-07-21,success,201120288
book_62022434,,https://www.goodreads.com/book/show/62022434-things-we-hide-from-the-light,35101.0,4.03,"{""romance"": null, ""contemporary romance"": null, ""contemporary"": null, ""small town romance"": null, ""fiction"": null, ""audiobook"": null, ""spicy"": null, ""forced proximity"": null, ""adult"": null, ""chick lit"": null}",2026-07-21,success,62022434
book_58100280,,https://www.goodreads.com/book/show/58100280-the-cheat-sheet,44265.0,3.71,"{""romance"": null, ""friends to lovers"": null, ""sports romance"": null, ""fake dating"": null, ""sports"": null, ""contemporary"": null, ""audiobook"": null, ""contemporary romance"": null, ""fiction"": null, ""rom com"": null}",2026-07-21,success,58100280
book_196920718,,https://www.goodreads.com/book/show/196920718-the-wolf-king,25769.0,4.14,"{""fantasy"": null, ""romantasy"": null, ""romance"": null, ""audiobook"": null, ""fantasy romance"": null, ""paranormal"": null, ""enemies to lovers"": null, ""werewolves"": null, ""shapeshifters"": null, ""paranormal romance"": null}",2026-07-21,success,196920718
book_220500719,,https://www.goodreads.com/book/show/220500719-throne-of-ice-and-blood,4126.0,4.22,"{""fantasy"": null, ""romantasy"": null, ""dragons"": null, ""fae"": null, ""romance"": null, ""enemies to lovers"": null, ""fantasy romance"": null, ""audiobook"": null, ""magic"": null, ""spicy"": null}",2026-07-21,success,220500719
book_222818703,,https://www.goodreads.com/book/show/222818703-spellcaster,3497.0,3.82,"{""fantasy"": null, ""romantasy"": null, ""romance"": null, ""dark academia"": null, ""enemies to lovers"": null, ""witches"": null, ""audiobook"": null, ""paranormal"": null, ""magic"": null, ""fantasy romance"": null}",2026-07-21,success,222818703
book_242687797,,https://www.goodreads.com/book/show/242687797-war-of-fire-and-fury,1653.0,4.06,"{""fantasy"": null, ""romantasy"": null, ""dragons"": null, ""fae"": null, ""romance"": null, ""fantasy romance"": null, ""magic"": null, ""audiobook"": null, ""enemies to lovers"": null, ""spicy"": null}",2026-07-21,success,242687797
book_61250159,,https://www.goodreads.com/book/show/61250159-the-prisoner-s-throne,15293.0,3.87,"{""fantasy"": null, ""young adult"": null, ""romance"": null, ""romantasy"": null, ""fae"": null, ""audiobook"": null, ""fiction"": null, ""young adult fantasy"": null, ""magic"": null, ""fantasy romance"": null}",2026-07-21,success,61250159
book_61085925,,https://www.goodreads.com/book/show/61085925-these-infinite-threads,12718.0,4.09,"{""fantasy"": null, ""romance"": null, ""young adult"": null, ""romantasy"": null, ""audiobook"": null, ""fantasy romance"": null, ""fiction"": null, ""enemies to lovers"": null, ""young adult fantasy"": null, ""magic"": null}",2026-07-21,success,61085925
book_238740256,,https://www.goodreads.com/book/show/238740256-the-thorn-queen,3550.0,3.7,"{""fantasy"": null, ""romantasy"": null, ""romance"": null, ""young adult"": null, ""audiobook"": null, ""fae"": null, ""young adult fantasy"": null, ""fantasy romance"": null, ""historical fiction"": null, ""historical"": null}",2026-07-21,success,238740256
book_227786635,,https://www.goodreads.com/book/show/227786635-crowntide,5717.0,3.69,"{""fantasy"": null, ""romantasy"": null, ""romance"": null, ""audiobook"": null, ""young adult"": null, ""fiction"": null, ""enemies to lovers"": null, ""fantasy romance"": null, ""magic"": null, ""young adult fantasy"": null}",2026-07-21,success,227786635
book_240704853,,https://www.goodreads.com/book/show/240704853-the-lake-house,281.0,4.19,"{""romance"": null, ""contemporary"": null, ""contemporary romance"": null, ""fiction"": null, ""found family"": null, ""summer reads"": null, ""summer"": null, ""family"": null, ""audiobook"": null, ""military fiction"": null}",2026-07-21,success,240704853
book_237353760,,https://www.goodreads.com/book/show/237353760-a-brewed-awakening,955.0,4.1,"{""romance"": null, ""christian fiction"": null, ""audiobook"": null, ""contemporary"": null, ""fiction"": null, ""rom com"": null, ""clean romance"": null, ""christian"": null, ""contemporary romance"": null, ""christian romance"": null}",2026-07-21,success,237353760
book_240123103,,https://www.goodreads.com/book/show/240123103-royal-summer,198.0,3.44,"{""romance"": null, ""young adult"": null, ""contemporary"": null, ""audiobook"": null, ""summer reads"": null, ""summer"": null, ""contemporary romance"": null, ""fiction"": null, ""royalty"": null, ""young adult romance"": null}",2026-07-21,success,240123103
book_235725782,,https://www.goodreads.com/book/show/235725782-when-the-light-returns,88.0,4.21,"{""fantasy"": null, ""magic"": null, ""audiobook"": null, ""romance"": null, ""fiction"": null, ""romantasy"": null, ""gods"": null}",2026-07-21,success,235725782
book_241125269,,https://www.goodreads.com/book/show/241125269-the-unicorn-hunters,1698.0,3.95,"{""fantasy"": null, ""historical fiction"": null, ""historical"": null, ""fiction"": null, ""historical fantasy"": null, ""adult"": null, ""romance"": null, ""science fiction fantasy"": null, ""audiobook"": null, ""magic"": null}",2026-07-21,success,241125269
book_239703816,,https://www.goodreads.com/book/show/239703816-our-perfect-storm,26741.0,4.04,"{""romance"": null, ""audiobook"": null, ""summer"": null, ""fiction"": null, ""summer reads"": null, ""contemporary"": null, ""friends to lovers"": null, ""book club"": null, ""contemporary romance"": null, ""adult"": null}",2026-07-21,success,239703816
book_56732449,,https://www.goodreads.com/book/show/56732449-the-love-hypothesis,211006.0,4.09,"{""romance"": null, ""contemporary"": null, ""fiction"": null, ""fake dating"": null, ""contemporary romance"": null, ""audiobook"": null, ""adult"": null, ""rom com"": null, ""chick lit"": null, ""new adult"": null}",2026-07-21,success,56732449
book_231801371,,https://www.goodreads.com/book/show/231801371-the-night-we-met,37950.0,3.98,"{""romance"": null, ""audiobook"": null, ""fiction"": null, ""contemporary"": null, ""contemporary romance"": null, ""friends to lovers"": null, ""adult"": null, ""book club"": null, ""summer"": null, ""chick lit"": null}",2026-07-21,success,231801371
book_55076069,,https://www.goodreads.com/book/show/55076069-people-we-meet-on-vacation,190982.0,3.84,"{""romance"": null, ""fiction"": null, ""contemporary"": null, ""audiobook"": null, ""friends to lovers"": null, ""contemporary romance"": null, ""summer"": null, ""adult"": null, ""summer reads"": null, ""chick lit"": null}",2026-07-21,success,55076069
book_242260891,,https://www.goodreads.com/book/show/242260891-heartstopper,4575.0,4.64,"{""romance"": null, ""graphic novels"": null, ""young adult"": null, ""lgbt"": null, ""queer"": null, ""contemporary"": null, ""comics"": null, ""fiction"": null, ""gay"": null, ""mental health"": null}",2026-07-21,success,242260891
book_220817728,,https://www.goodreads.com/book/show/220817728-atmosphere,139652.0,4.32,"{""historical fiction"": null, ""fiction"": null, ""romance"": null, ""audiobook"": null, ""book club"": null, ""lgbt"": null, ""historical"": null, ""queer"": null, ""contemporary"": null, ""adult"": null}",2026-07-21,success,220817728
book_228110489,,https://www.goodreads.com/book/show/228110489-heart-the-lover,60709.0,4.19,"{""fiction"": null, ""romance"": null, ""book club"": null, ""audiobook"": null, ""literary fiction"": null, ""contemporary"": null, ""coming of age"": null, ""adult"": null, ""adult fiction"": null, ""novels"": null}",2026-07-21,success,228110489
book_58341222,,https://www.goodreads.com/book/show/58341222-reminders-of-him,112108.0,4.33,"{""romance"": null, ""colleen hoover"": null, ""fiction"": null, ""contemporary"": null, ""audiobook"": null, ""contemporary romance"": null, ""book club"": null, ""adult"": null, ""chick lit"": null, ""new adult"": null}",2026-07-21,success,58341222
book_230897009,,https://www.goodreads.com/book/show/230897009-fever-dream,12746.0,3.96,"{""romance"": null, ""audiobook"": null, ""westerns"": null, ""contemporary romance"": null, ""cowboy romance"": null, ""contemporary"": null, ""small town romance"": null, ""forced proximity"": null, ""fiction"": null, ""enemies to lovers"": null}",2026-07-21,success,230897009
book_62873996,,https://www.goodreads.com/book/show/62873996-the-five-star-weekend,27746.0,4.03,"{""fiction"": null, ""romance"": null, ""audiobook"": null, ""book club"": null, ""summer"": null, ""chick lit"": null, ""summer reads"": null, ""contemporary"": null, ""beach reads"": null, ""adult"": null}",2026-07-21,success,62873996
book_243390305,,https://www.goodreads.com/book/show/243390305-into-the-fading-twilight,3232.0,4.41,"{""romance"": null, ""romantic suspense"": null, ""small town romance"": null, ""found family"": null, ""forced proximity"": null, ""contemporary romance"": null, ""suspense"": null, ""audiobook"": null, ""contemporary"": null, ""mystery"": null}",2026-07-21,success,243390305
book_55710822,,https://www.goodreads.com/book/show/55710822-better-than-the-movies,125159.0,4.25,"{""romance"": null, ""young adult"": null, ""enemies to lovers"": null, ""contemporary"": null, ""fiction"": null, ""audiobook"": null, ""fake dating"": null, ""rom com"": null, ""contemporary romance"": null, ""young adult romance"": null}",2026-07-21,success,55710822
book_60393672,,https://www.goodreads.com/book/show/60393672-it-starts-with-us,131015.0,3.84,"{""romance"": null, ""colleen hoover"": null, ""fiction"": null, ""audiobook"": null, ""contemporary"": null, ""contemporary romance"": null, ""adult"": null, ""book club"": null, ""chick lit"": null, ""second chance"": null}",2026-07-21,success,60393672
book_195820807,,https://www.goodreads.com/book/show/195820807-just-for-the-summer,141022.0,4.34,"{""romance"": null, ""audiobook"": null, ""fiction"": null, ""contemporary"": null, ""summer"": null, ""contemporary romance"": null, ""summer reads"": null, ""book club"": null, ""adult"": null, ""chick lit"": null}",2026-07-21,success,195820807
book_194802722,,https://www.goodreads.com/book/show/194802722-funny-story,175006.0,4.18,"{""romance"": null, ""audiobook"": null, ""fiction"": null, ""contemporary"": null, ""book club"": null, ""contemporary romance"": null, ""adult"": null, ""chick lit"": null, ""fake dating"": null, ""rom com"": null}",2026-07-21,success,194802722
book_242528917,,https://www.goodreads.com/book/show/242528917-lessons-in-chemistry,164173.0,4.28,"{""fiction"": null, ""historical fiction"": null, ""book club"": null, ""audiobook"": null, ""romance"": null, ""feminism"": null, ""historical"": null, ""adult"": null, ""contemporary"": null, ""adult fiction"": null}",2026-07-21,success,242528917
book_61918816,,https://www.goodreads.com/book/show/61918816-yours-truly,111985.0,4.29,"{""romance"": null, ""audiobook"": null, ""fiction"": null, ""contemporary"": null, ""contemporary romance"": null, ""fake dating"": null, ""adult"": null, ""rom com"": null, ""chick lit"": null, ""friends to lovers"": null}",2026-07-21,success,61918816
book_231126887,,https://www.goodreads.com/book/show/231126887-this-story-might-save-your-life,21157.0,3.89,"{""audiobook"": null, ""mystery"": null, ""thriller"": null, ""fiction"": null, ""mystery thriller"": null, ""romance"": null, ""book club"": null, ""suspense"": null, ""contemporary"": null, ""adult"": null}",2026-07-21,success,231126887
book_58684524,,https://www.goodreads.com/book/show/58684524-part-of-your-world,103030.0,4.25,"{""romance"": null, ""audiobook"": null, ""fiction"": null, ""contemporary"": null, ""contemporary romance"": null, ""adult"": null, ""chick lit"": null, ""rom com"": null, ""book club"": null, ""small town romance"": null}",2026-07-21,success,58684524
book_61718053,,https://www.goodreads.com/book/show/61718053-happy-place,172005.0,3.93,"{""romance"": null, ""fiction"": null, ""audiobook"": null, ""contemporary"": null, ""contemporary romance"": null, ""book club"": null, ""summer"": null, ""adult"": null, ""summer reads"": null, ""chick lit"": null}",2026-07-21,success,61718053
book_242380266,,https://www.goodreads.com/book/show/242380266-the-midnight-train,5843.0,4.02,"{""fiction"": null, ""fantasy"": null, ""magical realism"": null, ""audiobook"": null, ""time travel"": null, ""romance"": null, ""science fiction"": null, ""contemporary"": null, ""book club"": null, ""adult"": null}",2026-07-21,success,242380266
book_243359903,,https://www.goodreads.com/book/show/243359903-rules-for-the-summer,5440.0,3.87,"{""romance"": null, ""summer"": null, ""summer reads"": null, ""audiobook"": null, ""rom com"": null, ""contemporary romance"": null, ""forced proximity"": null, ""contemporary"": null, ""fiction"": null, ""he falls first"": null}",2026-07-21,success,243359903
book_242765313,,https://www.goodreads.com/book/show/242765313-into-the-blue,14631.0,4.06,"{""romance"": null, ""fiction"": null, ""audiobook"": null, ""contemporary"": null, ""book club"": null, ""contemporary romance"": null, ""adult"": null, ""friends to lovers"": null, ""second chance"": null, ""adult fiction"": null}",2026-07-21,success,242765313
book_146943389,,https://www.goodreads.com/book/show/146943389-saving-6,41019.0,4.46,"{""romance"": null, ""sports romance"": null, ""friends to lovers"": null, ""contemporary"": null, ""contemporary romance"": null, ""sports"": null, ""young adult"": null, ""high school"": null, ""audiobook"": null, ""new adult"": null}",2026-07-21,success,146943389
book_240424526,,https://www.goodreads.com/book/show/240424526-half-his-age,34178.0,3.24,"{""fiction"": null, ""audiobook"": null, ""contemporary"": null, ""romance"": null, ""literary fiction"": null, ""adult"": null, ""book club"": null, ""coming of age"": null, ""adult fiction"": null, ""drama"": null}",2026-07-21,success,240424526
book_231474494,,https://www.goodreads.com/book/show/231474494-love-song,9876.0,3.92,"{""romance"": null, ""friends to lovers"": null, ""contemporary romance"": null, ""forced proximity"": null, ""contemporary"": null, ""sports romance"": null, ""new adult"": null, ""college"": null, ""audiobook"": null, ""summer"": null}",2026-07-21,success,231474494
book_232794526,,https://www.goodreads.com/book/show/232794526-this-book-made-me-think-of-you,15424.0,4.32,"{""romance"": null, ""fiction"": null, ""audiobook"": null, ""books about books"": null, ""contemporary"": null, ""book club"": null, ""grief"": null, ""chick lit"": null, ""adult"": null, ""contemporary romance"": null}",2026-07-21,success,232794526
book_241458703,,https://www.goodreads.com/book/show/241458703-woman-down,17083.0,3.48,"{""thriller"": null, ""colleen hoover"": null, ""romance"": null, ""audiobook"": null, ""fiction"": null, ""mystery thriller"": null, ""book club"": null, ""mystery"": null, ""suspense"": null, ""contemporary"": null}",2026-07-21,success,241458703
book_199834495,,https://www.goodreads.com/book/show/199834495-the-seven-year-slip,109641.0,4.15,"{""romance"": null, ""fiction"": null, ""audiobook"": null, ""magical realism"": null, ""book club"": null, ""contemporary"": null, ""fantasy"": null, ""time travel"": null, ""contemporary romance"": null, ""adult"": null}",2026-07-21,success,199834495
book_146943908,,https://www.goodreads.com/book/show/146943908-redeeming-6,37930.0,4.64,"{""romance"": null, ""sports romance"": null, ""friends to lovers"": null, ""contemporary romance"": null, ""contemporary"": null, ""sports"": null, ""young adult"": null, ""found family"": null, ""high school"": null, ""new adult"": null}",2026-07-21,success,146943908
book_251499981,,https://www.goodreads.com/book/show/251499981-s-more-of-you,1981.0,3.23,"{""romance"": null, ""novella"": null, ""audiobook"": null, ""short stories"": null, ""contemporary"": null, ""summer"": null, ""contemporary romance"": null, ""fiction"": null, ""friends to lovers"": null, ""new adult"": null}",2026-07-21,success,251499981
book_196219692,,https://www.goodreads.com/book/show/196219692-taming-7,33335.0,4.34,"{""romance"": null, ""friends to lovers"": null, ""sports romance"": null, ""contemporary romance"": null, ""contemporary"": null, ""sports"": null, ""young adult"": null, ""found family"": null, ""new adult"": null, ""high school"": null}",2026-07-21,success,196219692
book_242977911,,https://www.goodreads.com/book/show/242977911-the-burning-side,7358.0,4.25,"{""fiction"": null, ""literary fiction"": null, ""contemporary"": null, ""audiobook"": null, ""romance"": null, ""book club"": null, ""historical fiction"": null, ""family"": null, ""adult"": null, ""family drama"": null}",2026-07-21,success,242977911
book_49259788,,https://www.goodreads.com/book/show/49259788-the-summer-of-broken-rules,43598.0,3.88,"{""romance"": null, ""summer"": null, ""summer reads"": null, ""young adult"": null, ""contemporary"": null, ""fiction"": null, ""audiobook"": null, ""contemporary romance"": null, ""book club"": null, ""friends to lovers"": null}",2026-07-21,success,49259788
book_61797464,,https://www.goodreads.com/book/show/61797464-meet-me-at-the-lake,36939.0,3.68,"{""romance"": null, ""summer"": null, ""fiction"": null, ""summer reads"": null, ""audiobook"": null, ""contemporary"": null, ""contemporary romance"": null, ""book club"": null, ""chick lit"": null, ""adult"": null}",2026-07-21,success,61797464
book_50531218,,https://www.goodreads.com/book/show/50531218-the-hawthorne-legacy,61159.0,4.18,"{""mystery"": null, ""young adult"": null, ""romance"": null, ""fiction"": null, ""mystery thriller"": null, ""contemporary"": null, ""thriller"": null, ""audiobook"": null, ""fantasy"": null, ""adventure"": null}",2026-07-21,success,50531218
book_218460347,,https://www.goodreads.com/book/show/218460347-the-road-to-tender-hearts,17453.0,4.33,"{""fiction"": null, ""audiobook"": null, ""book club"": null, ""contemporary"": null, ""humor"": null, ""romance"": null, ""literary fiction"": null, ""family"": null, ""adult fiction"": null, ""road trip"": null}",2026-07-21,success,218460347
book_58724801,,https://www.goodreads.com/book/show/58724801-the-bodyguard,59022.0,3.93,"{""romance"": null, ""audiobook"": null, ""fiction"": null, ""contemporary"": null, ""contemporary romance"": null, ""fake dating"": null, ""chick lit"": null, ""rom com"": null, ""adult"": null, ""forced proximity"": null}",2026-07-21,success,58724801
book_169690624,,https://www.goodreads.com/book/show/169690624-picking-daisies-on-sundays,19881.0,4.0,"{""romance"": null, ""friends to lovers"": null, ""fake dating"": null, ""young adult"": null, ""contemporary"": null, ""fiction"": null, ""summer"": null, ""contemporary romance"": null, ""rom com"": null, ""summer reads"": null}",2026-07-21,success,169690624
book_229717312,,https://www.goodreads.com/book/show/229717312-releasing-10,26279.0,4.53,"{""romance"": null, ""sports romance"": null, ""friends to lovers"": null, ""contemporary"": null, ""contemporary romance"": null, ""young adult"": null, ""sports"": null, ""mental health"": null, ""audiobook"": null, ""fiction"": null}",2026-07-21,success,229717312
book_60435878,,https://www.goodreads.com/book/show/60435878-carrie-soto-is-back,100005.0,4.2,"{""fiction"": null, ""historical fiction"": null, ""audiobook"": null, ""contemporary"": null, ""romance"": null, ""sports"": null, ""book club"": null, ""adult"": null, ""historical"": null, ""literary fiction"": null}",2026-07-21,success,60435878
book_223262140,,https://www.goodreads.com/book/show/223262140-fake-skating,20192.0,4.24,"{""romance"": null, ""young adult"": null, ""fake dating"": null, ""sports romance"": null, ""sports"": null, ""contemporary"": null, ""friends to lovers"": null, ""audiobook"": null, ""fiction"": null, ""hockey"": null}",2026-07-21,success,223262140
book_58658940,,https://www.goodreads.com/book/show/58658940-the-final-gambit,48914.0,4.1,"{""mystery"": null, ""young adult"": null, ""romance"": null, ""fiction"": null, ""mystery thriller"": null, ""thriller"": null, ""contemporary"": null, ""audiobook"": null, ""fantasy"": null, ""adventure"": null}",2026-07-21,success,58658940
book_63027990,,https://www.goodreads.com/book/show/63027990-the-unselected-journals-of-emma-m-lion,6255.0,4.71,"{""historical fiction"": null, ""audiobook"": null, ""fiction"": null, ""romance"": null, ""historical"": null, ""humor"": null, ""victorian"": null, ""adult"": null, ""adult fiction"": null, ""regency"": null}",2026-07-21,success,63027990
book_240019566,,https://www.goodreads.com/book/show/240019566-the-final-target,2331.0,4.36,"{""romance"": null, ""thriller"": null, ""romantic suspense"": null, ""audiobook"": null, ""mystery"": null, ""suspense"": null, ""fiction"": null, ""mystery thriller"": null, ""contemporary"": null, ""adult fiction"": null}",2026-07-21,success,240019566
book_242513557,,https://www.goodreads.com/book/show/242513557-love-you-more,1102.0,4.01,"{""romance"": null, ""fiction"": null, ""audiobook"": null, ""chick lit"": null, ""summer"": null, ""contemporary"": null, ""summer reads"": null, ""beach reads"": null, ""contemporary romance"": null, ""adult fiction"": null}",2026-07-21,success,242513557
book_60197314,,https://www.goodreads.com/book/show/60197314-betting-on-you,31391.0,4.14,"{""romance"": null, ""young adult"": null, ""contemporary"": null, ""audiobook"": null, ""fake dating"": null, ""fiction"": null, ""rom com"": null, ""enemies to lovers"": null, ""friends to lovers"": null, ""contemporary romance"": null}",2026-07-21,success,60197314
book_223688905,,https://www.goodreads.com/book/show/223688905-twice,10566.0,4.3,"{""fiction"": null, ""romance"": null, ""fantasy"": null, ""book club"": null, ""audiobook"": null, ""magical realism"": null, ""time travel"": null, ""contemporary"": null, ""adult"": null, ""literary fiction"": null}",2026-07-21,success,223688905
book_127152907,,https://www.goodreads.com/book/show/127152907-in-the-likely-event,23294.0,4.21,"{""romance"": null, ""audiobook"": null, ""fiction"": null, ""contemporary"": null, ""military fiction"": null, ""contemporary romance"": null, ""second chance"": null, ""book club"": null, ""military romance"": null, ""adult"": null}",2026-07-21,success,127152907
book_241460189,,https://www.goodreads.com/book/show/241460189-the-sky-beneath-her,325.0,4.39,"{""historical fiction"": null, ""fiction"": null, ""romance"": null, ""mystery"": null, ""historical"": null, ""ebooks"": null, ""contemporary"": null, ""grief"": null, ""summer"": null, ""audiobook"": null}",2026-07-21,success,241460189
book_60683957,,https://www.goodreads.com/book/show/60683957-check-mate,60669.0,3.93,"{""romance"": null, ""young adult"": null, ""contemporary"": null, ""audiobook"": null, ""fiction"": null, ""contemporary romance"": null, ""enemies to lovers"": null, ""rom com"": null, ""new adult"": null, ""young adult romance"": null}",2026-07-21,success,60683957
book_185965151,,https://www.goodreads.com/book/show/185965151-the-unselected-journals-of-emma-m-lion,4915.0,4.71,"{""historical fiction"": null, ""fiction"": null, ""audiobook"": null, ""romance"": null, ""historical"": null, ""humor"": null, ""victorian"": null, ""adult"": null, ""british literature"": null, ""regency"": null}",2026-07-21,success,185965151
book_247784411,,https://www.goodreads.com/book/show/247784411-how-to-ruin-a-wedding,153.0,4.0,"{""romance"": null, ""contemporary"": null, ""fiction"": null, ""humor"": null, ""chick lit"": null, ""comedy"": null, ""ebooks"": null, ""adult"": null, ""rom com"": null, ""contemporary romance"": null}",2026-07-21,success,247784411
book_223541023,,https://www.goodreads.com/book/show/223541023-the-academy,14314.0,3.65,"{""fiction"": null, ""audiobook"": null, ""romance"": null, ""contemporary"": null, ""mystery"": null, ""book club"": null, ""young adult"": null, ""chick lit"": null, ""adult"": null, ""adult fiction"": null}",2026-07-21,success,223541023
book_241042848,,https://www.goodreads.com/book/show/241042848-our-secret-summer,1007.0,4.0,"{""romance"": null, ""summer reads"": null, ""summer"": null, ""contemporary romance"": null, ""fiction"": null, ""contemporary"": null, ""audiobook"": null, ""beach reads"": null, ""chick lit"": null, ""book club"": null}",2026-07-21,success,241042848
book_235991978,,https://www.goodreads.com/book/show/235991978-just-friends,10591.0,3.52,"{""romance"": null, ""fiction"": null, ""summer"": null, ""contemporary"": null, ""audiobook"": null, ""contemporary romance"": null, ""friends to lovers"": null, ""summer reads"": null, ""adult"": null, ""second chance"": null}",2026-07-21,success,235991978
book_199798201,,https://www.goodreads.com/book/show/199798201-the-safekeep,21112.0,4.05,"{""historical fiction"": null, ""fiction"": null, ""queer"": null, ""lgbt"": null, ""romance"": null, ""literary fiction"": null, ""historical"": null, ""book club"": null, ""lesbian"": null, ""audiobook"": null}",2026-07-21,success,199798201
book_244994837,,https://www.goodreads.com/book/show/244994837-a-heartbeat-at-my-feet,232.0,4.6,"{""fiction"": null, ""romance"": null, ""italy"": null, ""animals"": null, ""chick lit"": null, ""dogs"": null, ""contemporary"": null, ""ebooks"": null, ""contemporary romance"": null, ""marriage"": null}",2026-07-21,success,244994837
book_235735088,,https://www.goodreads.com/book/show/235735088-across-the-vanishing-sky,7376.0,4.32,"{""romance"": null, ""romantic suspense"": null, ""small town romance"": null, ""found family"": null, ""contemporary romance"": null, ""contemporary"": null, ""suspense"": null, ""mystery"": null, ""audiobook"": null, ""forced proximity"": null}",2026-07-21,success,235735088
book_208931300,,https://www.goodreads.com/book/show/208931300-intermezzo,64720.0,3.79,"{""fiction"": null, ""contemporary"": null, ""literary fiction"": null, ""book club"": null, ""romance"": null, ""audiobook"": null, ""ireland"": null, ""irish literature"": null, ""novels"": null, ""adult"": null}",2026-07-21,success,208931300
book_221735399,,https://www.goodreads.com/book/show/221735399-the-unselected-journals-of-emma-m-lion,6380.0,4.72,"{""historical fiction"": null, ""audiobook"": null, ""fiction"": null, ""romance"": null, ""historical"": null, ""humor"": null, ""adult"": null, ""victorian"": null, ""adult fiction"": null, ""regency"": null}",2026-07-21,success,221735399
book_239152335,,https://www.goodreads.com/book/show/239152335-go-gentle,2939.0,3.49,"{""fiction"": null, ""romance"": null, ""audiobook"": null, ""mystery"": null, ""contemporary"": null, ""literary fiction"": null, ""art"": null, ""book club"": null, ""adult fiction"": null, ""adult"": null}",2026-07-21,success,239152335
book_227081378,,https://www.goodreads.com/book/show/227081378-mistakes-were-made,4540.0,4.24,"{""romance"": null, ""audiobook"": null, ""contemporary romance"": null, ""contemporary"": null, ""small town romance"": null, ""rom com"": null, ""fiction"": null, ""forced proximity"": null, ""found family"": null, ""chick lit"": null}",2026-07-21,success,227081378
book_213186396,,https://www.goodreads.com/book/show/213186396-the-strawberry-patch-pancake-house,16809.0,3.89,"{""romance"": null, ""audiobook"": null, ""fiction"": null, ""contemporary"": null, ""contemporary romance"": null, ""cozy"": null, ""chick lit"": null, ""adult"": null, ""small town romance"": null, ""spicy"": null}",2026-07-21,success,213186396
book_75513900,,https://www.goodreads.com/book/show/75513900-powerless,137406.0,4.14,"{""fantasy"": null, ""romantasy"": null, ""romance"": null, ""young adult"": null, ""enemies to lovers"": null, ""audiobook"": null, ""fantasy romance"": null, ""fiction"": null, ""magic"": null, ""book club"": null}",2026-07-21,success,75513900
book_241058997,,https://www.goodreads.com/book/show/241058997-rites-of-the-starling,25337.0,4.45,"{""fantasy"": null, ""romantasy"": null, ""audiobook"": null, ""romance"": null, ""fantasy romance"": null, ""magic"": null, ""fiction"": null, ""adult"": null, ""book club"": null, ""spicy"": null}",2026-07-21,success,241058997
book_55987278,,https://www.goodreads.com/book/show/55987278-once-upon-a-broken-heart,93514.0,4.06,"{""fantasy"": null, ""romance"": null, ""romantasy"": null, ""young adult"": null, ""fiction"": null, ""fantasy romance"": null, ""magic"": null, ""audiobook"": null, ""enemies to lovers"": null, ""young adult fantasy"": null}",2026-07-21,success,55987278
book_234292648,,https://www.goodreads.com/book/show/234292648-dire-bound,33868.0,4.32,"{""fantasy"": null, ""romantasy"": null, ""romance"": null, ""fantasy romance"": null, ""audiobook"": null, ""enemies to lovers"": null, ""vampires"": null, ""magic"": null, ""paranormal"": null, ""adult"": null}",2026-07-21,success,234292648
book_217171544,,https://www.goodreads.com/book/show/217171544-shield-of-sparrows,53588.0,4.37,"{""fantasy"": null, ""romantasy"": null, ""romance"": null, ""audiobook"": null, ""enemies to lovers"": null, ""fantasy romance"": null, ""fiction"": null, ""magic"": null, ""slow burn"": null, ""adult"": null}",2026-07-21,success,217171544
book_183086339,,https://www.goodreads.com/book/show/183086339-reckless,90608.0,4.07,"{""fantasy"": null, ""romantasy"": null, ""romance"": null, ""young adult"": null, ""enemies to lovers"": null, ""audiobook"": null, ""fiction"": null, ""fantasy romance"": null, ""magic"": null, ""dystopia"": null}",2026-07-21,success,183086339
book_59808071,,https://www.goodreads.com/book/show/59808071-the-ballad-of-never-after,79156.0,4.48,"{""fantasy"": null, ""romance"": null, ""romantasy"": null, ""young adult"": null, ""enemies to lovers"": null, ""fantasy romance"": null, ""audiobook"": null, ""fiction"": null, ""magic"": null, ""young adult fantasy"": null}",2026-07-21,success,59808071
book_222490389,,https://www.goodreads.com/book/show/222490389-alchemised,60599.0,4.31,"{""fantasy"": null, ""romance"": null, ""romantasy"": null, ""dark romance"": null, ""audiobook"": null, ""fiction"": null, ""dark"": null, ""enemies to lovers"": null, ""dark fantasy"": null, ""adult"": null}",2026-07-21,success,222490389
book_214151222,,https://www.goodreads.com/book/show/214151222-fearless,64158.0,4.03,"{""fantasy"": null, ""romantasy"": null, ""romance"": null, ""young adult"": null, ""audiobook"": null, ""fiction"": null, ""enemies to lovers"": null, ""fantasy romance"": null, ""magic"": null, ""young adult fantasy"": null}",2026-07-21,success,214151222
book_62816044,,https://www.goodreads.com/book/show/62816044-a-curse-for-true-love,69690.0,4.17,"{""fantasy"": null, ""romance"": null, ""romantasy"": null, ""young adult"": null, ""audiobook"": null, ""fantasy romance"": null, ""fiction"": null, ""magic"": null, ""enemies to lovers"": null, ""young adult fantasy"": null}",2026-07-21,success,62816044
book_237100539,,https://www.goodreads.com/book/show/237100539-starside,11457.0,4.31,"{""fantasy"": null, ""romantasy"": null, ""romance"": null, ""enemies to lovers"": null, ""fantasy romance"": null, ""audiobook"": null, ""magic"": null, ""dragons"": null, ""fiction"": null, ""adult"": null}",2026-07-21,success,237100539
book_247056257,,https://www.goodreads.com/book/show/247056257-between-tides-thunder,4133.0,4.21,"{""fantasy"": null, ""romantasy"": null, ""romance"": null, ""enemies to lovers"": null, ""fantasy romance"": null, ""magic"": null, ""slow burn"": null, ""forced proximity"": null, ""fiction"": null, ""royalty"": null}",2026-07-21,success,247056257
book_58340706,,https://www.goodreads.com/book/show/58340706-one-dark-window,99264.0,4.25,"{""fantasy"": null, ""romance"": null, ""romantasy"": null, ""gothic"": null, ""fiction"": null, ""audiobook"": null, ""magic"": null, ""fantasy romance"": null, ""young adult"": null, ""book club"": null}",2026-07-21,success,58340706
book_63910262,,https://www.goodreads.com/book/show/63910262-two-twisted-crowns,72639.0,4.37,"{""fantasy"": null, ""romance"": null, ""romantasy"": null, ""gothic"": null, ""audiobook"": null, ""magic"": null, ""fiction"": null, ""fantasy romance"": null, ""young adult"": null, ""horror"": null}",2026-07-21,success,63910262
book_223259676,,https://www.goodreads.com/book/show/223259676-the-night-prince,18073.0,4.38,"{""fantasy"": null, ""romantasy"": null, ""romance"": null, ""audiobook"": null, ""fantasy romance"": null, ""enemies to lovers"": null, ""werewolves"": null, ""paranormal"": null, ""shapeshifters"": null, ""fiction"": null}",2026-07-21,success,223259676
book_202507554,,https://www.goodreads.com/book/show/202507554-when-the-moon-hatched,50851.0,4.01,"{""fantasy"": null, ""romantasy"": null, ""romance"": null, ""dragons"": null, ""fantasy romance"": null, ""audiobook"": null, ""fae"": null, ""fiction"": null, ""magic"": null, ""adult"": null}",2026-07-21,success,202507554
book_230935823,,https://www.goodreads.com/book/show/230935823-web-of-vows-and-vengeance,2387.0,4.26,"{""fantasy"": null, ""romantasy"": null, ""enemies to lovers"": null, ""audiobook"": null, ""romance"": null, ""fantasy romance"": null, ""slow burn"": null, ""magic"": null, ""fiction"": null, ""spicy"": null}",2026-07-21,success,230935823
book_60784546,,https://www.goodreads.com/book/show/60784546-divine-rivals,119679.0,4.14,"{""fantasy"": null, ""romance"": null, ""young adult"": null, ""romantasy"": null, ""audiobook"": null, ""fiction"": null, ""enemies to lovers"": null, ""historical fiction"": null, ""fantasy romance"": null, ""book club"": null}",2026-07-21,success,60784546
book_247928235,,https://www.goodreads.com/book/show/247928235-daggermouth,20512.0,4.34,"{""fantasy"": null, ""dystopia"": null, ""romance"": null, ""romantasy"": null, ""dark romance"": null, ""enemies to lovers"": null, ""fiction"": null, ""dark"": null, ""book club"": null, ""fantasy romance"": null}",2026-07-21,success,247928235
book_248240890,,https://www.goodreads.com/book/show/248240890-vows-of-blood-and-deception,847.0,4.47,"{""romantasy"": null, ""fantasy"": null, ""audiobook"": null, ""fantasy romance"": null, ""enemies to lovers"": null, ""fiction"": null, ""romance"": null, ""magic"": null, ""found family"": null, ""dark fantasy"": null}",2026-07-21,success,248240890
book_203840597,,https://www.goodreads.com/book/show/203840597-powerful,54552.0,4.11,"{""fantasy"": null, ""romantasy"": null, ""romance"": null, ""young adult"": null, ""audiobook"": null, ""fiction"": null, ""novella"": null, ""fantasy romance"": null, ""magic"": null, ""dystopia"": null}",2026-07-21,success,203840597
book_123257687,,https://www.goodreads.com/book/show/123257687-assistant-to-the-villain,59743.0,3.93,"{""fantasy"": null, ""romance"": null, ""romantasy"": null, ""audiobook"": null, ""fiction"": null, ""magic"": null, ""fantasy romance"": null, ""adult"": null, ""mystery"": null, ""humor"": null}",2026-07-21,success,123257687
book_210223811,,https://www.goodreads.com/book/show/210223811-katabasis,42197.0,3.72,"{""fantasy"": null, ""dark academia"": null, ""fiction"": null, ""romance"": null, ""audiobook"": null, ""historical fiction"": null, ""mythology"": null, ""adult"": null, ""book club"": null, ""academia"": null}",2026-07-21,success,210223811
book_127305713,,https://www.goodreads.com/book/show/127305713-heartless-hunter,63810.0,4.16,"{""fantasy"": null, ""romantasy"": null, ""romance"": null, ""young adult"": null, ""enemies to lovers"": null, ""witches"": null, ""audiobook"": null, ""fantasy romance"": null, ""magic"": null, ""fiction"": null}",2026-07-21,success,127305713
book_60217777,,https://www.goodreads.com/book/show/60217777-rebel-witch,39843.0,4.18,"{""fantasy"": null, ""romantasy"": null, ""romance"": null, ""audiobook"": null, ""young adult"": null, ""enemies to lovers"": null, ""witches"": null, ""fantasy romance"": null, ""magic"": null, ""fiction"": null}",2026-07-21,success,60217777
book_60310757,,https://www.goodreads.com/book/show/60310757-lightlark,47699.0,3.84,"{""fantasy"": null, ""romantasy"": null, ""romance"": null, ""young adult"": null, ""audiobook"": null, ""fiction"": null, ""enemies to lovers"": null, ""fantasy romance"": null, ""magic"": null, ""young adult fantasy"": null}",2026-07-21,success,60310757
book_213309864,,https://www.goodreads.com/book/show/213309864-metal-slinger,31832.0,4.2,"{""fantasy"": null, ""romantasy"": null, ""romance"": null, ""fantasy romance"": null, ""enemies to lovers"": null, ""audiobook"": null, ""magic"": null, ""book club"": null, ""fiction"": null, ""adult"": null}",2026-07-21,success,213309864
book_124935969,,https://www.goodreads.com/book/show/124935969-glow-of-the-everflame,21053.0,4.33,"{""fantasy"": null, ""romantasy"": null, ""romance"": null, ""audiobook"": null, ""fantasy romance"": null, ""magic"": null, ""fiction"": null, ""enemies to lovers"": null, ""slow burn"": null, ""new adult"": null}",2026-07-21,success,124935969
book_123471760,,https://www.goodreads.com/book/show/123471760-spark-of-the-everflame,29801.0,4.17,"{""fantasy"": null, ""romantasy"": null, ""romance"": null, ""fantasy romance"": null, ""audiobook"": null, ""enemies to lovers"": null, ""magic"": null, ""fiction"": null, ""dragons"": null, ""slow burn"": null}",2026-07-21,success,123471760
book_58517502,,https://www.goodreads.com/book/show/58517502-believe-me,24036.0,4.1,"{""fantasy"": null, ""dystopia"": null, ""romance"": null, ""young adult"": null, ""romantasy"": null, ""novella"": null, ""fiction"": null, ""science fiction"": null, ""audiobook"": null, ""enemies to lovers"": null}",2026-07-21,success,58517502
book_231127235,,https://www.goodreads.com/book/show/231127235-this-kingdom-will-not-kill-me,7537.0,4.46,"{""fantasy"": null, ""romance"": null, ""romantasy"": null, ""audiobook"": null, ""magic"": null, ""fiction"": null, ""adult"": null, ""fantasy romance"": null, ""urban fantasy"": null, ""adventure"": null}",2026-07-21,success,231127235
book_217245572,,https://www.goodreads.com/book/show/217245572-silver-elite,29619.0,4.11,"{""fantasy"": null, ""romantasy"": null, ""dystopia"": null, ""romance"": null, ""audiobook"": null, ""enemies to lovers"": null, ""fiction"": null, ""science fiction"": null, ""fantasy romance"": null, ""adult"": null}",2026-07-21,success,217245572
book_53968496,,https://www.goodreads.com/book/show/53968496-the-prison-healer,37803.0,4.16,"{""fantasy"": null, ""young adult"": null, ""romance"": null, ""romantasy"": null, ""young adult fantasy"": null, ""magic"": null, ""fiction"": null, ""audiobook"": null, ""fantasy romance"": null, ""high fantasy"": null}",2026-07-21,success,53968496
book_221179150,,https://www.goodreads.com/book/show/221179150-in-the-veins-of-the-drowning,8381.0,3.92,"{""fantasy"": null, ""romantasy"": null, ""romance"": null, ""fantasy romance"": null, ""audiobook"": null, ""adult"": null, ""magic"": null, ""fiction"": null, ""mermaids"": null, ""forced proximity"": null}",2026-07-21,success,221179150
book_127280062,,https://www.goodreads.com/book/show/127280062-ruthless-vows,60796.0,3.98,"{""fantasy"": null, ""romance"": null, ""young adult"": null, ""romantasy"": null, ""audiobook"": null, ""fiction"": null, ""historical fiction"": null, ""fantasy romance"": null, ""magic"": null, ""young adult fantasy"": null}",2026-07-21,success,127280062
book_216595852,,https://www.goodreads.com/book/show/216595852-blood-of-hercules,27139.0,3.91,"{""fantasy"": null, ""romantasy"": null, ""romance"": null, ""mythology"": null, ""dark romance"": null, ""audiobook"": null, ""why choose"": null, ""enemies to lovers"": null, ""greek mythology"": null, ""fantasy romance"": null}",2026-07-21,success,216595852
book_219737525,,https://www.goodreads.com/book/show/219737525-bonds-of-hercules,9180.0,4.0,"{""fantasy"": null, ""romantasy"": null, ""romance"": null, ""audiobook"": null, ""mythology"": null, ""dark romance"": null, ""why choose"": null, ""enemies to lovers"": null, ""fantasy romance"": null, ""greek mythology"": null}",2026-07-21,success,219737525
book_203147386,,https://www.goodreads.com/book/show/203147386-apprentice-to-the-villain,24630.0,4.09,"{""fantasy"": null, ""romance"": null, ""romantasy"": null, ""audiobook"": null, ""fiction"": null, ""magic"": null, ""adult"": null, ""fantasy romance"": null, ""slow burn"": null, ""humor"": null}",2026-07-21,success,203147386
book_237100532,,https://www.goodreads.com/book/show/237100532-release-me,5446.0,4.26,"{""fantasy"": null, ""dystopia"": null, ""romance"": null, ""young adult"": null, ""romantasy"": null, ""enemies to lovers"": null, ""science fiction"": null, ""audiobook"": null, ""fiction"": null, ""dystopian romance"": null}",2026-07-21,success,237100532
book_225699786,,https://www.goodreads.com/book/show/225699786-the-everlasting,17720.0,4.16,"{""fantasy"": null, ""romance"": null, ""romantasy"": null, ""fiction"": null, ""time travel"": null, ""audiobook"": null, ""historical fiction"": null, ""adult"": null, ""book club"": null, ""historical"": null}",2026-07-21,success,225699786
book_239205900,,https://www.goodreads.com/book/show/239205900-the-exquisite-torment-of-loving-your-enemy,1570.0,4.58,"{""fantasy"": null, ""romance"": null, ""romantasy"": null, ""enemies to lovers"": null, ""audiobook"": null, ""fantasy romance"": null, ""fiction"": null, ""adult"": null, ""magic"": null, ""slow burn"": null}",2026-07-21,success,239205900
book_208430658,,https://www.goodreads.com/book/show/208430658-blood-over-bright-haven,34876.0,4.31,"{""fantasy"": null, ""dark academia"": null, ""fiction"": null, ""audiobook"": null, ""book club"": null, ""magic"": null, ""adult"": null, ""high fantasy"": null, ""science fiction"": null, ""science fiction fantasy"": null}",2026-07-21,success,208430658
book_124936017,,https://www.goodreads.com/book/show/124936017-heat-of-the-everflame,19969.0,4.22,"{""fantasy"": null, ""romantasy"": null, ""romance"": null, ""audiobook"": null, ""fantasy romance"": null, ""magic"": null, ""fiction"": null, ""dragons"": null, ""slow burn"": null, ""adult"": null}",2026-07-21,success,124936017
book_243502725,,https://www.goodreads.com/book/show/243502725-in-the-wake-of-the-ruined,959.0,4.14,"{""fantasy"": null, ""romantasy"": null, ""romance"": null, ""fantasy romance"": null, ""fiction"": null, ""adult"": null, ""audiobook"": null, ""mermaids"": null, ""magic"": null, ""summer"": null}",2026-07-21,success,243502725
book_60018635,,https://www.goodreads.com/book/show/60018635-the-very-secret-society-of-irregular-witches,61544.0,4.03,"{""fantasy"": null, ""romance"": null, ""fiction"": null, ""audiobook"": null, ""witches"": null, ""cozy"": null, ""book club"": null, ""cozy fantasy"": null, ""magic"": null, ""contemporary"": null}",2026-07-21,success,60018635
book_231127166,,https://www.goodreads.com/book/show/231127166-the-poet-empress,9041.0,4.4,"{""fantasy"": null, ""historical fiction"": null, ""romance"": null, ""fiction"": null, ""romantasy"": null, ""audiobook"": null, ""adult"": null, ""historical"": null, ""magic"": null, ""historical fantasy"": null}",2026-07-21,success,231127166
book_219209774,,https://www.goodreads.com/book/show/219209774-accomplice-to-the-villain,15359.0,4.09,"{""fantasy"": null, ""romance"": null, ""romantasy"": null, ""audiobook"": null, ""fiction"": null, ""magic"": null, ""adult"": null, ""fantasy romance"": null, ""humor"": null, ""slow burn"": null}",2026-07-21,success,219209774
book_123029113,,https://www.goodreads.com/book/show/123029113-a-witch-s-guide-to-magical-innkeeping,18031.0,3.93,"{""fantasy"": null, ""romance"": null, ""audiobook"": null, ""cozy"": null, ""fiction"": null, ""witches"": null, ""cozy fantasy"": null, ""magic"": null, ""adult"": null, ""romantasy"": null}",2026-07-21,success,123029113
book_58410355,,https://www.goodreads.com/book/show/58410355-nightbane,25147.0,4.07,"{""fantasy"": null, ""romantasy"": null, ""romance"": null, ""young adult"": null, ""audiobook"": null, ""enemies to lovers"": null, ""magic"": null, ""fiction"": null, ""fantasy romance"": null, ""young adult fantasy"": null}",2026-07-21,success,58410355
book_217206125,,https://www.goodreads.com/book/show/217206125-the-spellshop,31113.0,4.0,"{""fantasy"": null, ""romance"": null, ""cozy"": null, ""audiobook"": null, ""cozy fantasy"": null, ""fiction"": null, ""romantasy"": null, ""magic"": null, ""adult"": null, ""book club"": null}",2026-07-21,success,217206125
book_209753199,,https://www.goodreads.com/book/show/209753199-the-irresistible-urge-to-fall-for-your-enemy,16560.0,3.79,"{""fantasy"": null, ""romance"": null, ""romantasy"": null, ""enemies to lovers"": null, ""audiobook"": null, ""fantasy romance"": null, ""fiction"": null, ""adult"": null, ""magic"": null, ""slow burn"": null}",2026-07-21,success,209753199
book_216364822,,https://www.goodreads.com/book/show/216364822-watch-me,12624.0,4.26,"{""fantasy"": null, ""dystopia"": null, ""romance"": null, ""romantasy"": null, ""young adult"": null, ""enemies to lovers"": null, ""audiobook"": null, ""fiction"": null, ""science fiction"": null, ""young adult fantasy"": null}",2026-07-21,success,216364822
book_50882394,,https://www.goodreads.com/book/show/50882394-the-blood-traitor,19067.0,4.44,"{""fantasy"": null, ""young adult"": null, ""romance"": null, ""romantasy"": null, ""magic"": null, ""audiobook"": null, ""young adult fantasy"": null, ""fiction"": null, ""fantasy romance"": null, ""found family"": null}",2026-07-21,success,50882394
book_50882354,,https://www.goodreads.com/book/show/50882354-the-gilded-cage,20179.0,4.26,"{""fantasy"": null, ""young adult"": null, ""romance"": null, ""romantasy"": null, ""magic"": null, ""audiobook"": null, ""young adult fantasy"": null, ""fiction"": null, ""fantasy romance"": null, ""high fantasy"": null}",2026-07-21,success,50882354
book_210428052,,https://www.goodreads.com/book/show/210428052-on-wings-of-blood,15466.0,3.91,"{""fantasy"": null, ""romantasy"": null, ""dragons"": null, ""vampires"": null, ""romance"": null, ""enemies to lovers"": null, ""fantasy romance"": null, ""fae"": null, ""dark academia"": null, ""paranormal"": null}",2026-07-21,success,210428052
book_229003381,,https://www.goodreads.com/book/show/229003381-nightshade,14614.0,4.08,"{""romance"": null, ""dark romance"": null, ""fantasy"": null, ""dark academia"": null, ""enemies to lovers"": null, ""romantasy"": null, ""mystery"": null, ""dark"": null, ""contemporary"": null, ""audiobook"": null}",2026-07-21,success,229003381
book_225910699,,https://www.goodreads.com/book/show/225910699-we-who-will-die,14647.0,4.07,"{""fantasy"": null, ""romantasy"": null, ""romance"": null, ""vampires"": null, ""audiobook"": null, ""fantasy romance"": null, ""paranormal"": null, ""magic"": null, ""fiction"": null, ""adult"": null}",2026-07-21,success,225910699
book_220161171,,https://www.goodreads.com/book/show/220161171-fearful,11612.0,3.3,"{""fantasy"": null, ""romantasy"": null, ""romance"": null, ""young adult"": null, ""audiobook"": null, ""fiction"": null, ""novella"": null, ""fantasy romance"": null, ""magic"": null, ""dystopia"": null}",2026-07-21,success,220161171
book_243772776,,https://www.goodreads.com/book/show/243772776-kissed-by-the-gods,4147.0,4.35,"{""fantasy"": null, ""romantasy"": null, ""romance"": null, ""fantasy romance"": null, ""magic"": null, ""enemies to lovers"": null, ""fiction"": null, ""adult"": null, ""gods"": null, ""slow burn"": null}",2026-07-21,success,243772776
book_223239535,,https://www.goodreads.com/book/show/223239535-conform,10494.0,4.06,"{""fantasy"": null, ""dystopia"": null, ""romance"": null, ""romantasy"": null, ""audiobook"": null, ""fiction"": null, ""science fiction"": null, ""book club"": null, ""adult"": null, ""fantasy romance"": null}",2026-07-21,success,223239535
book_228164259,,https://www.goodreads.com/book/show/228164259-court-of-lies-and-deceit,3020.0,4.07,"{""fantasy"": null, ""romantasy"": null, ""dragons"": null, ""romance"": null, ""fae"": null, ""fantasy romance"": null, ""audiobook"": null, ""enemies to lovers"": null, ""magic"": null, ""spicy"": null}",2026-07-21,success,228164259
book_209741142,,https://www.goodreads.com/book/show/209741142-anathema,16892.0,4.18,"{""fantasy"": null, ""romantasy"": null, ""romance"": null, ""gothic"": null, ""dark romance"": null, ""audiobook"": null, ""dark"": null, ""fantasy romance"": null, ""horror"": null, ""dark fantasy"": null}",2026-07-21,success,209741142
book_66087062,,https://www.goodreads.com/book/show/66087062-the-unmaking-of-june-farrow,33072.0,4.1,"{""fantasy"": null, ""fiction"": null, ""magical realism"": null, ""romance"": null, ""mystery"": null, ""book club"": null, ""audiobook"": null, ""time travel"": null, ""historical fiction"": null, ""adult"": null}",2026-07-21,success,66087062
book_211742041,,https://www.goodreads.com/book/show/211742041-the-rose-bargain,,,,2026-07-21,error_202,211742041
book_207003676,,https://www.goodreads.com/book/show/207003676-skyshade,,,,2026-07-21,error_202,207003676
book_230166043,,https://www.goodreads.com/book/show/230166043-the-faraway-inn,,,,2026-07-21,error_202,230166043
book_221179254,,https://www.goodreads.com/book/show/221179254-rose-in-chains,,,,2026-07-21,error_202,221179254
book_60657589,,https://www.goodreads.com/book/show/60657589-emily-wilde-s-encyclopaedia-of-faeries,,,,2026-07-21,error_202,60657589
book_238226952,,https://www.goodreads.com/book/show/238226952-the-book-witch,,,,2026-07-21,error_202,238226952
book_234041204,,https://www.goodreads.com/book/show/234041204-the-wings-that-bind,,,,2026-07-21,error_202,234041204
book_236022566,,https://www.goodreads.com/book/show/236022566-realm-of-wind-and-vines,,,,2026-07-21,error_202,236022566
book_221210824,,https://www.goodreads.com/book/show/221210824-the-bond-that-burns,,,,2026-07-21,error_202,221210824
book_123349658,,https://www.goodreads.com/book/show/123349658-rain-of-shadows-and-endings,,,,2026-07-21,error_202,123349658
book_234352814,,https://www.goodreads.com/book/show/234352814-agnes-aubert-s-mystical-cat-shelter,,,,2026-07-21,error_202,234352814
book_236596392,,https://www.goodreads.com/book/show/236596392-one-small-echo,,,,2026-07-21,error_202,236596392
book_123027751,,https://www.goodreads.com/book/show/123027751-six-scorched-roses,,,,2026-07-21,error_202,123027751
book_222376906,,https://www.goodreads.com/book/show/222376906-wild-reverence,,,,2026-07-21,error_202,222376906
book_203578793,,https://www.goodreads.com/book/show/203578793-spectacular,,,,2026-07-21,error_202,203578793
book_61198133,,https://www.goodreads.com/book/show/61198133-the-stolen-heir,,,,2026-07-21,error_202,61198133
book_60581370,,https://www.goodreads.com/book/show/60581370-the-jasad-heir,,,,2026-07-21,error_202,60581370
book_56554281,,https://www.goodreads.com/book/show/56554281-this-woven-kingdom,,,,2026-07-21,error_202,56554281
book_212174157,,https://www.goodreads.com/book/show/212174157-the-raven-scholar,,,,2026-07-21,error_202,212174157
book_60531416,,https://www.goodreads.com/book/show/60531416-yumi-and-the-nightmare-painter,,,,2026-07-21,error_202,60531416
book_216725635,,https://www.goodreads.com/book/show/216725635-a-tongue-so-sweet-and-deadly,,,,2026-07-21,error_202,216725635
book_216623880,,https://www.goodreads.com/book/show/216623880-the-jasad-crown,,,,2026-07-21,error_202,216623880
book_205044632,,https://www.goodreads.com/book/show/205044632-the-road-of-bones,,,,2026-07-21,error_202,205044632
book_240670182,,https://www.goodreads.com/book/show/240670182-clash-of-claws,,,,2026-07-21,error_202,240670182
book_191755077,,https://www.goodreads.com/book/show/191755077-trial-of-the-sun-queen,,,,2026-07-21,error_202,191755077
book_210134467,,https://www.goodreads.com/book/show/210134467-the-songbird-the-heart-of-stone,,,,2026-07-21,error_202,210134467
Deep End,Ali Hazelwood,https://www.goodreads.com/book/show/212808709-deep-end,,,,2026-07-21,error_202,212808709
"If the Ring Fits (Funny Feelings, #2)",Camilla Isley,https://www.goodreads.com/book/show/218426995-if-the-ring-fits,,,,2026-07-21,error_202,218426995
"A Match Made in Coven (Paranormal Romance, #2)",Camilla Isley,https://www.goodreads.com/book/show/219471116-a-match-made-in-coven,,,,2026-07-21,error_202,219471116
The Roommate Experiment (Funny Feelings #3),Camilla Isley,https://www.goodreads.com/book/show/223606076-the-roommate-experiment,,,,2026-07-21,error_202,223606076
Great Big Beautiful Life,Emily Henry,https://www.goodreads.com/book/show/218559595-great-big-beautiful-life,,,,2026-07-21,error_202,218559595
Into The Deep Blue,Jennifer E. Archer,https://www.goodreads.com/book/show/205514910-into-the-deep-blue,,,,2026-07-21,error_202,205514910
Nostalgia,Iris Lake,https://www.goodreads.com/book/show/242337466-nostalgia,,,,2026-07-21,error_202,242337466
"Say You'll Remember Me (Say You'll Remember Me, #1)",Abby Jimenez,https://www.goodreads.com/book/show/216437557-say-you-ll-remember-me,,,,2026-07-21,error_202,216437557
"Onyx Storm (The Empyrean, #3)",Rebecca Yarros,https://www.goodreads.com/book/show/209439446-onyx-storm,,,,2026-07-21,error_202,209439446
"Wild and Wrangled (Rebel Blue Ranch, #4)",Lyla Sage,https://www.goodreads.com/book/show/213650748-wild-and-wrangled,,,,2026-07-21,error_202,213650748
"The Vampire Castle in the Sky (Tales from the Faraway North, #2)",Iris Lake,https://www.goodreads.com/book/show/230464782-the-vampire-castle-in-the-sky,,,,2026-07-21,error_202,230464782
"First-Time Caller (Heartstrings, #1)",B.K. Borison,https://www.goodreads.com/book/show/213245287-first-time-caller,,,,2026-07-21,error_202,213245287
"Beg, Borrow, or Steal (When in Rome, #3)",Sarah       Adams,https://www.goodreads.com/book/show/211164792-beg-borrow-or-steal,,,,2026-07-21,error_202,211164792
Swept Away,Beth O'Leary,https://www.goodreads.com/book/show/205033735-swept-away,,,,2026-07-21,error_202,205033735
"Scythe & Sparrow (The Ruinous Love Trilogy, #3)",Brynne Weaver,https://www.goodreads.com/book/show/127616032-scythe-sparrow,,,,2026-07-21,error_202,127616032
"You Rock My World (The Meet Cute, #1)",Camilla Isley,https://www.goodreads.com/book/show/234037559-you-rock-my-world,,,,2026-07-21,error_202,234037559
"The Knight and the Moth (The Stonewater Kingdom, #1)",Rachel Gillig,https://www.goodreads.com/book/show/205335957-the-knight-and-the-moth,,,,2026-07-21,error_202,205335957
"The Primal of Blood and Bone (Blood and Ash, #6)",Jennifer L. Armentrout,https://www.goodreads.com/book/show/58483123-the-primal-of-blood-and-bone,,,,2026-07-21,error_202,58483123
Let's Call a Truce,Amy Buchanan,https://www.goodreads.com/book/show/211004830-let-s-call-a-truce,,,,2026-07-21,error_202,211004830
"Spiral (Off the Ice, #2)",Bal Khabra,https://www.goodreads.com/book/show/199246937-spiral,,,,2026-07-21,error_202,199246937
"The Geographer's Map to Romance (Love's Academic, #2)",India Holton,https://www.goodreads.com/book/show/199279084-the-geographer-s-map-to-romance,,,,2026-07-21,error_202,199279084
For the Record,Emma    Lord,https://www.goodreads.com/book/show/217387723-for-the-record,,,,2026-07-21,error_202,217387723
"Out of the Woods (Out, #2)",Hannah Bonam-Young,https://www.goodreads.com/book/show/209220944-out-of-the-woods,,,,2026-07-21,error_202,209220944
Any Trope but You,Victoria Lavine,https://www.goodreads.com/book/show/214151426-any-trope-but-you,,,,2026-07-21,error_202,214151426
"Pitcher Perfect (Big Shots, #4)",Tessa Bailey,https://www.goodreads.com/book/show/222658358-pitcher-perfect,,,,2026-07-21,error_202,222658358
"Once Smitten, Twice Shy (The Wilmot Sisters, #3)",Chloe Liese,https://www.goodreads.com/book/show/212294418-once-smitten-twice-shy,,,,2026-07-21,error_202,212294418
"Earl Crush (Belvoir's Library, #2)",Alexandra Vasti,https://www.goodreads.com/book/show/211003729-earl-crush,1901.0,3.94,"{""romance"": null, ""historical romance"": null, ""historical fiction"": null, ""historical"": null, ""audiobook"": null, ""fiction"": null, ""regency"": null, ""adult"": null, ""scotland"": null, ""regency romance"": null}",2026-07-21,success,211003729
"The Ornithologist's Field Guide to Love (Love's Academic, #1)",India Holton,https://www.goodreads.com/book/show/200555182-the-ornithologist-s-field-guide-to-love,4844.0,3.87,"{""fantasy"": null, ""romance"": null, ""historical fiction"": null, ""historical"": null, ""fiction"": null, ""audiobook"": null, ""romantasy"": null, ""historical romance"": null, ""adult"": null, ""historical fantasy"": null}",2026-07-21,success,200555182
"Left of Forever (Spunes, OR, #2)",Tarah DeWitt,https://www.goodreads.com/book/show/217388096-left-of-forever,8780.0,4.1,"{""romance"": null, ""second chance"": null, ""audiobook"": null, ""contemporary romance"": null, ""contemporary"": null, ""second chance romance"": null, ""forced proximity"": null, ""fiction"": null, ""small town romance"": null, ""adult"": null}",2026-07-21,success,217388096
"The Gingerbread Bakery (Dream Harbor, #5)",Laurie Gilmore,https://www.goodreads.com/book/show/220255008-the-gingerbread-bakery,11547.0,3.91,"{""romance"": null, ""christmas"": null, ""audiobook"": null, ""fiction"": null, ""contemporary"": null, ""holiday"": null, ""contemporary romance"": null, ""cozy"": null, ""adult"": null, ""small town romance"": null}",2026-07-21,success,220255008
Work Trip,Chloe   Ford,https://www.goodreads.com/book/show/218581962-work-trip,261.0,3.62,"{""romance"": null, ""enemies to lovers"": null, ""contemporary romance"": null, ""audiobook"": null, ""forced proximity"": null, ""contemporary"": null, ""chick lit"": null, ""ebooks"": null, ""workplace romance"": null, ""summer"": null}",2026-07-21,success,218581962
Aged to Perfection,Niloufar Lamakan,https://www.goodreads.com/book/show/220265969-aged-to-perfection,50.0,3.64,"{""romance"": null}",2026-07-21,success,220265969
"Archangel's Ascension (Guild Hunter, #17)",Nalini Singh,https://www.goodreads.com/book/show/217245649-archangel-s-ascension,666.0,4.38,"{""fantasy"": null, ""romance"": null, ""urban fantasy"": null, ""paranormal"": null, ""paranormal romance"": null, ""angels"": null, ""vampires"": null, ""audiobook"": null, ""m m romance"": null, ""friends to lovers"": null}",2026-07-21,success,217245649
"Road Trip with a Rogue (Her Majesty’s Rebels, #3)",Kate Bateman,https://www.goodreads.com/book/show/217436368-road-trip-with-a-rogue,,,"{""historical romance"": null, ""romance"": null, ""historical"": null, ""road trip"": null, ""regency"": null, ""historical fiction"": null, ""audiobook"": null, ""second chance"": null, ""forced proximity"": null, ""enemies to lovers"": null}",2026-07-21,success,217436368
Just Our Luck,Denise  Williams,https://www.goodreads.com/book/show/215361843-just-our-luck,1406.0,3.44,"{""romance"": null, ""audiobook"": null, ""contemporary"": null, ""fake dating"": null, ""contemporary romance"": null, ""fiction"": null, ""adult"": null, ""chick lit"": null, ""adult fiction"": null, ""plus size"": null}",2026-07-21,success,215361843
"Outlier (Daydreamer, #3)",Susie Tate,https://www.goodreads.com/book/show/219990562-outlier,1725.0,4.34,"{""romance"": null, ""contemporary"": null, ""enemies to lovers"": null, ""contemporary romance"": null, ""disability"": null, ""found family"": null, ""fiction"": null, ""mental health"": null, ""abuse"": null, ""slow burn"": null}",2026-07-21,success,219990562
Book Boyfriend,Emily Wibberley,https://www.goodreads.com/book/show/213870115-book-boyfriend,671.0,3.26,"{""romance"": null, ""contemporary"": null, ""books about books"": null, ""audiobook"": null, ""fiction"": null, ""contemporary romance"": null, ""adult"": null, ""enemies to lovers"": null, ""rom com"": null, ""chick lit"": null}",2026-07-21,success,213870115
Beautiful Venom (Vipers #1),Rina Kent,https://www.goodreads.com/book/show/214303307-beautiful-venom,,,"{""dark romance"": null, ""romance"": null, ""sports romance"": null, ""dark"": null, ""sports"": null, ""enemies to lovers"": null, ""hockey"": null, ""audiobook"": null, ""college"": null, ""secret society"": null}",2026-07-21,success,214303307
Flirty Dancing,Jennifer Moffatt,https://www.goodreads.com/book/show/217387609-flirty-dancing,569.0,3.62,"{""romance"": null, ""lgbt"": null, ""queer"": null, ""audiobook"": null, ""contemporary"": null, ""contemporary romance"": null, ""m m romance"": null, ""adult"": null, ""fiction"": null, ""gay"": null}",2026-07-21,success,217387609
Fake It Like You Mean It,Megan  Murphy,https://www.goodreads.com/book/show/214988485-fake-it-like-you-mean-it,504.0,3.73,"{""romance"": null, ""audiobook"": null, ""contemporary"": null, ""contemporary romance"": null, ""fiction"": null, ""adult"": null, ""fake dating"": null, ""enemies to lovers"": null, ""forced proximity"": null, ""rom com"": null}",2026-07-21,success,214988485
"Well, Actually",Mazey Eddings,https://www.goodreads.com/book/show/213831130-well-actually,,,"{""romance"": null, ""second chance"": null, ""audiobook"": null, ""contemporary"": null, ""contemporary romance"": null, ""enemies to lovers"": null, ""fiction"": null, ""adult"": null, ""second chance romance"": null, ""lgbt"": null}",2026-07-21,success,213831130
"Problematic Summer Romance (Not in Love, #2)",Ali Hazelwood,https://www.goodreads.com/book/show/228691356-problematic-summer-romance,51116.0,3.81,"{""romance"": null, ""audiobook"": null, ""contemporary"": null, ""contemporary romance"": null, ""fiction"": null, ""summer"": null, ""adult"": null, ""friends to lovers"": null, ""summer reads"": null, ""forced proximity"": null}",2026-07-21,success,228691356
"Temple of Swoon (Raiders of the Lost Heart, #2)",Jo Segura,https://www.goodreads.com/book/show/211025397-temple-of-swoon,1304.0,3.46,"{""romance"": null, ""contemporary romance"": null, ""contemporary"": null, ""adventure"": null, ""audiobook"": null, ""fiction"": null, ""adult"": null, ""forced proximity"": null, ""rom com"": null, ""chick lit"": null}",2026-07-21,success,211025397
The Friendship Fling,Georgia  Stone,https://www.goodreads.com/book/show/214229571-the-friendship-fling,,,"{""romance"": null, ""friends to lovers"": null, ""contemporary"": null, ""contemporary romance"": null, ""summer"": null, ""fiction"": null, ""slow burn"": null, ""summer reads"": null, ""adult"": null, ""audiobook"": null}",2026-07-21,success,214229571
The Last Heir,Marina Vinni,https://www.goodreads.com/book/show/231518705-the-last-heir,1.0,4.17,"{""enemies to lovers"": null, ""slow burn"": null, ""romance"": null, ""politics"": null, ""young adult"": null, ""dystopia"": null, ""forced proximity"": null, ""thriller"": null, ""fiction"": null, ""strong female"": null}",2026-07-21,success,231518705
Changing Tides (Cape May #1),Linny Mack,https://www.goodreads.com/book/show/221451242-changing-tides,,,,2026-07-21,book_key_not_found,221451242
A Kiss of Hammer and Flame (Fated for Hael #1),Amy de la Force,https://www.goodreads.com/book/show/222460467-a-kiss-of-hammer-and-flame,,,"{""fantasy"": null, ""romantasy"": null, ""romance"": null, ""fantasy romance"": null, ""audiobook"": null, ""fiction"": null, ""adult"": null, ""high fantasy"": null, ""slow burn"": null, ""magic"": null}",2026-07-21,success,222460467
Chasing Stars (Cape May #2),Linny Mack,https://www.goodreads.com/book/show/221472889-chasing-stars,,,,2026-07-21,book_key_not_found,221472889
The Summer You Were Mine,Jill  Francis,https://www.goodreads.com/book/show/217387718-the-summer-you-were-mine,372.0,3.28,"{""romance"": null, ""audiobook"": null, ""italy"": null, ""summer"": null, ""second chance"": null, ""fiction"": null, ""summer reads"": null, ""contemporary"": null, ""contemporary romance"": null, ""adult fiction"": null}",2026-07-21,success,217387718
A Lady Would Know Better,Emma Theriault,https://www.goodreads.com/book/show/206299213-a-lady-would-know-better,,,"{""romance"": null, ""historical romance"": null, ""historical fiction"": null, ""historical"": null, ""audiobook"": null, ""fiction"": null, ""regency"": null, ""adult fiction"": null, ""canada"": null, ""victorian"": null}",2026-07-21,success,206299213
Slipstream,Madge Maril,https://www.goodreads.com/book/show/221757386-slipstream,1223.0,3.57,"{""romance"": null, ""sports romance"": null, ""sports"": null, ""contemporary romance"": null, ""contemporary"": null, ""audiobook"": null, ""fake dating"": null, ""adult"": null, ""fiction"": null, ""racing"": null}",2026-07-21,success,221757386
Always Be My Bibi,Priyanka Taslim,https://www.goodreads.com/book/show/220160100-always-be-my-bibi,64.0,4.06,"{""young adult"": null, ""romance"": null, ""contemporary"": null, ""rom com"": null, ""young adult romance"": null, ""bangladesh"": null, ""summer reads"": null, ""family"": null, ""india"": null, ""young adult contemporary"": null}",2026-07-21,success,220160100
The Deadbeat DILF: A steamy age-gap contemporary romance (City Loves Book 2),Celine Spiller,https://www.goodreads.com/book/show/221864930-the-deadbeat-dilf,3.0,3.52,"{""spicy"": null, ""romance"": null, ""contemporary romance"": null}",2026-07-21,success,221864930
A Cage of Choices,Marina Vinni,https://www.goodreads.com/book/show/223977258-a-cage-of-choices,3.0,3.63,"{""romance"": null, ""mental health"": null, ""forced proximity"": null, ""enemies to lovers"": null, ""politics"": null, ""dark"": null, ""adult"": null, ""thriller"": null, ""fiction"": null, ""contemporary romance"": null}",2026-07-21,success,223977258
The Summers Between Us,Noreen Nanja,https://www.goodreads.com/book/show/216420350-the-summers-between-us,,,"{""romance"": null, ""summer reads"": null, ""summer"": null, ""second chance"": null, ""audiobook"": null, ""friends to lovers"": null, ""contemporary"": null, ""fiction"": null, ""second chance romance"": null, ""canada"": null}",2026-07-21,success,216420350
"The Best Wrong Move (Off-Limits, #1)",Lily   Parker,https://www.goodreads.com/book/show/222248702-the-best-wrong-move,682.0,3.62,"{""romance"": null, ""audiobook"": null, ""fiction"": null, ""fake dating"": null, ""contemporary"": null, ""contemporary romance"": null, ""rom com"": null, ""forced proximity"": null, ""adult"": null, ""friends to lovers"": null}",2026-07-21,success,222248702
Major Love (Phoenix Falls Series Book 4),Sapphire Hale,https://www.goodreads.com/book/show/225009644-major-love,14.0,3.64,"{""romance"": null, ""second chance"": null, ""small town romance"": null, ""contemporary romance"": null, ""westerns"": null, ""friends to lovers"": null, ""military fiction"": null}",2026-07-21,success,225009644
"Gabriela and His Grace (The Luna Sisters, #3)",Liana De la Rosa,https://www.goodreads.com/book/show/221997443-gabriela-and-his-grace,,,"{""romance"": null, ""historical romance"": null, ""historical fiction"": null, ""historical"": null, ""fiction"": null, ""audiobook"": null, ""enemies to lovers"": null, ""adult"": null, ""forced proximity"": null, ""latinx"": null}",2026-07-21,success,221997443
This Kind of Love,Ashley Detweiler,https://www.goodreads.com/book/show/214674806-this-kind-of-love,77.0,4.14,"{""romance"": null, ""contemporary romance"": null, ""contemporary"": null}",2026-07-21,success,214674806
"What Fury Brings (Wrath and Fury, #1)",Tricia Levenseller,https://www.goodreads.com/book/show/220908944-what-fury-brings,2614.0,3.61,"{""fantasy"": null, ""romantasy"": null, ""romance"": null, ""enemies to lovers"": null, ""adult"": null, ""dark romance"": null, ""fantasy romance"": null, ""audiobook"": null, ""fiction"": null, ""spicy"": null}",2026-07-21,success,220908944
"Nine Month Contract (Mountain Men Matchmaker, #1)",Amy Daws,https://www.goodreads.com/book/show/219655872-nine-month-contract,8121.0,3.99,"{""romance"": null, ""audiobook"": null, ""contemporary"": null, ""contemporary romance"": null, ""forced proximity"": null, ""small town romance"": null, ""rom com"": null, ""fiction"": null, ""found family"": null, ""spicy"": null}",2026-07-21,success,219655872
The Ripple Effect,Maggie  North,https://www.goodreads.com/book/show/217387864-the-ripple-effect,566.0,3.63,"{""romance"": null, ""contemporary romance"": null, ""contemporary"": null, ""fiction"": null, ""forced proximity"": null, ""adult"": null, ""workplace romance"": null, ""lgbt"": null, ""fake dating"": null, ""queer"": null}",2026-07-21,success,217387864
"Barons of Decay (Royals of Forsyth University, #10)",Angel Lawson,https://www.goodreads.com/book/show/216040006-barons-of-decay,349.0,3.81,"{""dark romance"": null, ""dark"": null, ""why choose"": null, ""romance"": null, ""college"": null, ""contemporary"": null, ""forced proximity"": null, ""enemies to lovers"": null, ""secret society"": null, ""audiobook"": null}",2026-07-21,success,216040006
How to Write a Rom-Com,Cristina  Wolf,https://www.goodreads.com/book/show/221006690-how-to-write-a-rom-com,139.0,3.53,"{""romance"": null, ""contemporary"": null, ""rom com"": null, ""fiction"": null, ""contemporary romance"": null, ""adult"": null, ""audiobook"": null, ""chick lit"": null}",2026-07-21,success,221006690
You Between the Lines,Katie Naymon,https://www.goodreads.com/book/show/214175139-you-between-the-lines,3783.0,3.54,"{""romance"": null, ""contemporary"": null, ""contemporary romance"": null, ""audiobook"": null, ""fiction"": null, ""adult"": null, ""enemies to lovers"": null, ""second chance"": null, ""books about books"": null, ""rom com"": null}",2026-07-21,success,214175139
"A Flame of the Phoenix (An Heir Comes to Rise, #6)",Chloe C. Peñaranda,https://www.goodreads.com/book/show/123404739-a-flame-of-the-phoenix,120.0,4.06,"{""fantasy"": null, ""romantasy"": null, ""fantasy romance"": null, ""romance"": null, ""fae"": null, ""young adult"": null, ""audiobook"": null, ""magic"": null, ""fiction"": null, ""epic fantasy"": null}",2026-07-21,success,123404739
"Blood Beneath the Snow (Blood & Souls Duology, #1)",Alexandra Kennington,https://www.goodreads.com/book/show/214537684-blood-beneath-the-snow,,,"{""fantasy"": null, ""romantasy"": null, ""romance"": null, ""fantasy romance"": null, ""magic"": null, ""adult"": null, ""enemies to lovers"": null, ""fiction"": null, ""audiobook"": null, ""queer"": null}",2026-07-21,success,214537684
Where There's Room For Us,Hayley Kiyoko,https://www.goodreads.com/book/show/217421247-where-there-s-room-for-us,647.0,3.7,"{""romance"": null, ""historical fiction"": null, ""lesbian"": null, ""lgbt"": null, ""queer"": null, ""young adult"": null, ""historical"": null, ""fiction"": null, ""audiobook"": null, ""historical romance"": null}",2026-07-21,success,217421247
An Ex-citing Proposition (Date My Ex #1),Kelly Ohlert,https://www.goodreads.com/book/show/218414214-an-ex-citing-proposition,,,,2026-07-21,book_key_not_found,218414214
Come As You Are,Dahlia Adler,https://www.goodreads.com/book/show/60729369-come-as-you-are,,,"{""romance"": null, ""young adult"": null, ""contemporary"": null, ""lgbt"": null, ""fiction"": null, ""audiobook"": null, ""friends to lovers"": null, ""boarding school"": null, ""young adult romance"": null, ""contemporary romance"": null}",2026-07-21,success,60729369
Kilted Lovers,Megan Clawson,https://www.goodreads.com/book/show/218164853-kilted-lovers,,,,2026-07-21,error_202,218164853
A Game of Fallen Stars,S.E. Berkeley,https://www.goodreads.com/book/show/216331248-a-game-of-fallen-stars,,,,2026-07-21,error_202,216331248
"With Love, Juniper",Amanda Cessor,https://www.goodreads.com/book/show/222863061-with-love-juniper,,,,2026-07-21,error_202,222863061
"Down to a Science (Love in Edinburgh, #2)",Kat Paige,https://www.goodreads.com/book/show/220861141-down-to-a-science,,,,2026-07-21,error_202,220861141
Brewed with Love,Shelly   Page,https://www.goodreads.com/book/show/213197641-brewed-with-love,,,,2026-07-21,error_202,213197641
"Love Letters from Fictional Men: Love Letters from Fictional Paramours, Book 1",Anita Zara,https://www.goodreads.com/book/show/223041598-love-letters-from-fictional-men,,,,2026-07-21,error_202,223041598
On the Slopes of Tahoe (Love Along the Way #2),J.A.  Forde,https://www.goodreads.com/book/show/221882100-on-the-slopes-of-tahoe,,,,2026-07-21,error_202,221882100
I Got Abducted by Aliens So I'm Gonna Make It Everyone's Problem,Kimberly Lemming,https://www.goodreads.com/book/show/204009634-i-got-abducted-by-aliens-so-i-m-gonna-make-it-everyone-s-problem,,,,2026-07-21,error_202,204009634
"I Summon the Sea (The Thorn and the Shadow, #1)",Mona Archer,https://www.goodreads.com/book/show/223716013-i-summon-the-sea,,,,2026-07-21,error_202,223716013
"Second Position (Astor Hill, #2)",Sydney Madison,https://www.goodreads.com/book/show/227859920-second-position,,,,2026-07-21,error_202,227859920
"Hunted Through Italy (Harlequin Romantic Suspense, 2330)",Delaney Diamond,https://www.goodreads.com/book/show/217898078-hunted-through-italy,,,,2026-07-21,error_202,217898078
"Bedroom Lessons (Love Letters, #2)",Milana Spencer,https://www.goodreads.com/book/show/231091982-bedroom-lessons,,,,2026-07-21,error_202,231091982
Playing With My Heart Strings,H.K. Green,https://www.goodreads.com/book/show/230938402-playing-with-my-heart-strings,,,,2026-07-21,error_202,230938402
The Summers Between Us,Noreen Nanja,https://www.goodreads.com/book/show/222225266-the-summers-between-us,,,,2026-07-21,error_202,222225266
The Dramatic Life of Jonah Penrose,Robyn  Green,https://www.goodreads.com/book/show/227884038-the-dramatic-life-of-jonah-penrose,,,,2026-07-21,error_202,227884038
The Weight of Prejudice,Joy Michelle Austin,https://www.goodreads.com/book/show/232919054-the-weight-of-prejudice,,,,2026-07-21,error_202,232919054
Nine-Tenths,J.M. Frey,https://www.goodreads.com/book/show/233260830-nine-tenths,,,,2026-07-21,error_202,233260830
Playing Flirty,Shameez Patel,https://www.goodreads.com/book/show/212924579-playing-flirty,,,,2026-07-21,error_202,212924579
First Class Fling: Santiago & Rosa,Kaylene Winter,https://www.goodreads.com/book/show/239730022-first-class-fling,,,,2026-07-21,error_202,239730022
Virtues' Sacrifice: ACT I - Elysium (The Archive Book 1),Christopher Gamlin,https://www.goodreads.com/book/show/240552074-virtues-sacrifice,,,,2026-07-21,error_202,240552074
"Redemption (The Alterran Legacy, #4)",Regina M. Joseph,https://www.goodreads.com/book/show/60197387-redemption,,,,2026-07-21,error_202,60197387
The Vampire Who Tried It,Marcia  Black,https://www.goodreads.com/book/show/241989717-the-vampire-who-tried-it,,,,2026-07-21,error_202,241989717
A Bullet and A Butterfly: Captive Obsessions series - Book 1,Lina C. Eleste,https://www.goodreads.com/book/show/235682137-a-bullet-and-a-butterfly,,,,2026-07-21,error_202,235682137
"Rekindled Flame (Burning Hearts, #1)",Ella Braeme,https://www.goodreads.com/book/show/236532005-rekindled-flame,,,,2026-07-21,error_202,236532005
132 Kisses (Where Hearts Collide Series Book 1),Candice Storm,https://www.goodreads.com/book/show/244300861-132-kisses,,,,2026-07-21,error_202,244300861
Nightshade,Lynessa Layne,https://www.goodreads.com/book/show/242179336-nightshade,,,,2026-07-21,error_202,242179336
"Fate's Thread (Gods and Legends, #2)",Elizabeth Douka,https://www.goodreads.com/book/show/244208437-fate-s-thread,,,,2026-07-21,error_202,244208437
The Last Word (The Literary Hearts #1),Rumi Ashwood,https://www.goodreads.com/book/show/242242609-the-last-word,,,,2026-07-21,error_202,242242609
Until Our Voices Meet,Biswatosh Sinha,https://www.goodreads.com/book/show/242952746-until-our-voices-meet,,,,2026-07-21,error_202,242952746
Whispers of the Dragon,Sarah Brianne,https://www.goodreads.com/book/show/204666761-whispers-of-the-dragon,,,,2026-07-21,error_202,204666761
"A Vow in Vengeance (Immortal Desires, #1)",Jaclyn  Rodriguez,https://www.goodreads.com/book/show/230614708-a-vow-in-vengeance,,,,2026-07-21,error_202,230614708
If We Were a Movie,Zakiya N. Jamal,https://www.goodreads.com/book/show/198971130-if-we-were-a-movie,,,,2026-07-21,error_202,198971130
I Love You S'more,Auriane Desombre,https://www.goodreads.com/book/show/216247557-i-love-you-s-more,,,,2026-07-21,error_202,216247557
Undercover Desires: A Venusian Romance,Aurora Vespar,https://www.goodreads.com/book/show/223503702-undercover-desires,,,,2026-07-21,error_202,223503702
"Seven Year Itch (Mountain Men Matchmaker, #2)",Amy Daws,https://www.goodreads.com/book/show/220140311-seven-year-itch,,,,2026-07-21,error_202,220140311
The Chemistry Test,Georgina Frankie,https://www.goodreads.com/book/show/227982221-the-chemistry-test,,,,2026-07-21,error_202,227982221
Crash Landing,Annie McQuaid,https://www.goodreads.com/book/show/216269037-crash-landing,,,,2026-07-21,error_202,216269037
"My Inconvenient Duke (Difficult Dukes, #3)",Loretta Chase,https://www.goodreads.com/book/show/199792638-my-inconvenient-duke,,,,2026-07-21,error_202,199792638
"Storm in a Teacup (Love in Edinburgh, #3)",Kat Paige,https://www.goodreads.com/book/show/232924067-storm-in-a-teacup,,,,2026-07-21,error_202,232924067
"Half Agony, Half Hope: A Christian Romantic Suspense About Rescue, Redemption, and Unbreakable Love",Joy Michelle Austin,https://www.goodreads.com/book/show/228901730-half-agony-half-hope,,,,2026-07-21,error_202,228901730
Hushed Harmony (Charming Irish #5),Kaylene Winter,https://www.goodreads.com/book/show/227970167-hushed-harmony,,,,2026-07-21,error_202,227970167
Virtues' Sacrifice: ACT II - Atlantis (The Archive Book 2),Christopher Gamlin,https://www.goodreads.com/book/show/242083590-virtues-sacrifice,,,,2026-07-21,error_202,242083590
A Wolf and A Butterfly (Paranormal Obsessions Book 1),Lina C. Eleste,https://www.goodreads.com/book/show/233345997-a-wolf-and-a-butterfly,,,,2026-07-21,error_202,233345997
Branded Hearts (Carter Ridge #3),Sapphire Hale,https://www.goodreads.com/book/show/243844160-branded-hearts,,,,2026-07-21,error_202,243844160
Shadow & Sin: A Nightshade Novel,Lynessa Layne,https://www.goodreads.com/book/show/245007488-shadow-sin,,,,2026-07-21,error_202,245007488
"Under the Aegis (Gods and Legends, #1)",Elizabeth Douka,https://www.goodreads.com/book/show/241918870-under-the-aegis,,,,2026-07-21,error_202,241918870
"A Theory of Dreaming (A Study in Drowning, #2)",Ava Reid,https://www.goodreads.com/book/show/213691721-a-theory-of-dreaming,,,,2026-07-21,error_202,213691721
The Breath Between Us,Bianca Miller,https://www.goodreads.com/book/show/223261893-the-breath-between-us,,,,2026-07-21,error_202,223261893
"One Golden Summer (Barry's Bay, #2)",Carley Fortune,https://www.goodreads.com/book/show/217245639-one-golden-summer,,,,2026-07-21,error_202,217245639
Forever Flames (Charming Irish #4),Kaylene Winter,https://www.goodreads.com/book/show/220480492-forever-flames,,,,2026-07-21,error_202,220480492
On the Ferry to Skye,J.A.  Forde,https://www.goodreads.com/book/show/240717788-on-the-ferry-to-skye,,,,2026-07-21,error_202,240717788
A Bee and A Shadow: Paranormal obsessions - book 2,Lina C. Eleste,https://www.goodreads.com/book/show/240508727-a-bee-and-a-shadow,,,,2026-07-21,error_202,240508727
"His Juliet (Empire of Royals, #2)",Emilia  Rossi,https://www.goodreads.com/book/show/217976073-his-juliet,,,,2026-07-21,error_202,217976073
Where Shadows Bloom,Catherine Bakewell,https://www.goodreads.com/book/show/213344066-where-shadows-bloom,,,,2026-07-21,error_202,213344066
Diving In,Bianca Miller,https://www.goodreads.com/book/show/208478858-diving-in,280.0,4.06,"{""romance"": null, ""contemporary romance"": null, ""forced proximity"": null, ""second chance"": null, ""contemporary"": null, ""rom com"": null, ""fiction"": null}",2026-07-21,success,208478858
"Dream Girl Drama (Big Shots, #3)",Tessa Bailey,https://www.goodreads.com/book/show/214283601-dream-girl-drama,9425.0,3.4,"{""romance"": null, ""sports romance"": null, ""audiobook"": null, ""sports"": null, ""contemporary"": null, ""hockey"": null, ""contemporary romance"": null, ""fiction"": null, ""adult"": null, ""hockey romance"": null}",2026-07-21,success,214283601
Boarding Pass: Miles & Sophie,Kaylene Winter,https://www.goodreads.com/book/show/239597440-boarding-pass,49.0,4.26,"{""romance"": null, ""contemporary"": null, ""steamy"": null}",2026-07-21,success,239597440
"Daring the Defender (Wittmore U Hockey, #3)",Angel Lawson,https://www.goodreads.com/book/show/213069720-daring-the-defender,184.0,4.17,"{""hockey"": null, ""sports"": null, ""romance"": null, ""college"": null, ""hockey romance"": null, ""sports romance"": null, ""friends to lovers"": null, ""contemporary"": null, ""contemporary romance"": null, ""college romance"": null}",2026-07-21,success,213069720
"Dream On, Ramona Riley (Clover Lake, #1)",Ashley Herring Blake,https://www.goodreads.com/book/show/217453509-dream-on-ramona-riley,,,"{""romance"": null, ""lgbt"": null, ""lesbian"": null, ""queer"": null, ""contemporary"": null, ""audiobook"": null, ""fiction"": null, ""adult"": null, ""contemporary romance"": null, ""queer romance"": null}",2026-07-21,success,217453509
Give Me a Reason,Jayci Lee,https://www.goodreads.com/book/show/217387720-give-me-a-reason,517.0,3.4,"{""romance"": null, ""contemporary"": null, ""contemporary romance"": null, ""second chance"": null, ""fiction"": null, ""retellings"": null, ""adult"": null, ""audiobook"": null, ""second chance romance"": null, ""forced proximity"": null}",2026-07-21,success,217387720
"Sweet Venom (Vipers, #2)",Rina Kent,https://www.goodreads.com/book/show/234319647-sweet-venom,5390.0,3.99,"{""dark romance"": null, ""romance"": null, ""sports romance"": null, ""enemies to lovers"": null, ""dark"": null, ""sports"": null, ""hockey"": null, ""audiobook"": null, ""stalker"": null, ""college"": null}",2026-07-21,success,234319647
The Odds of Getting Even,Amanda Sellet,https://www.goodreads.com/book/show/217388169-the-odds-of-getting-even,199.0,3.31,"{""romance"": null, ""contemporary"": null, ""adult"": null, ""contemporary romance"": null, ""fiction"": null, ""chick lit"": null}",2026-07-21,success,217388169
"Changing Tides (Cape May, #1)",Linny Mack,https://www.goodreads.com/book/show/221399275-changing-tides,349.0,4.19,"{""romance"": null, ""fiction"": null, ""summer reads"": null, ""beach reads"": null, ""contemporary romance"": null, ""contemporary"": null, ""small town romance"": null, ""summer"": null}",2026-07-21,success,221399275
It's a Love Story,Annabel Monaghan,https://www.goodreads.com/book/show/218153839-it-s-a-love-story,14325.0,3.83,"{""romance"": null, ""audiobook"": null, ""fiction"": null, ""summer"": null, ""contemporary"": null, ""contemporary romance"": null, ""summer reads"": null, ""chick lit"": null, ""rom com"": null, ""adult"": null}",2026-07-21,success,218153839
Swept Away,Beth O'Leary,https://www.goodreads.com/book/show/215805795-swept-away,5274.0,3.59,"{""romance"": null, ""audiobook"": null, ""contemporary"": null, ""fiction"": null, ""contemporary romance"": null, ""chick lit"": null, ""adult"": null, ""forced proximity"": null, ""summer"": null, ""adventure"": null}",2026-07-21,success,215805795
"Look Before You Leap (Miss Prentice's Protegees, #2)",Virginia Heath,https://www.goodreads.com/book/show/217387682-look-before-you-leap,515.0,3.96,"{""romance"": null, ""historical romance"": null, ""historical fiction"": null, ""historical"": null, ""regency"": null, ""audiobook"": null, ""adult"": null, ""fiction"": null, ""regency romance"": null, ""enemies to lovers"": null}",2026-07-21,success,217387682
Bad Publicity,Bianca Gillam,https://www.goodreads.com/book/show/217927382-bad-publicity,973.0,3.17,"{""romance"": null, ""contemporary"": null, ""enemies to lovers"": null, ""fiction"": null, ""contemporary romance"": null, ""audiobook"": null, ""second chance"": null, ""forced proximity"": null, ""adult fiction"": null, ""chick lit"": null}",2026-07-21,success,217927382
The Secret Romantic's Book of Magic,Marie O'Regan,https://www.goodreads.com/book/show/216597270-the-secret-romantic-s-book-of-magic,217.0,3.36,"{""fantasy"": null, ""romance"": null, ""short stories"": null, ""romantasy"": null, ""anthologies"": null, ""adult"": null, ""fiction"": null, ""audiobook"": null, ""magic"": null, ""fantasy romance"": null}",2026-07-21,success,216597270
"Burn (Blood Brothers, #1)",Heather Long,https://www.goodreads.com/book/show/204641099-burn,191.0,4.1,"{""why choose"": null, ""dark romance"": null, ""dark"": null, ""romance"": null, ""contemporary"": null, ""military fiction"": null, ""enemies to lovers"": null, ""contemporary romance"": null, ""kidnapping"": null, ""audiobook"": null}",2026-07-21,success,204641099
The Friendship Fling,Georgia  Stone,https://www.goodreads.com/book/show/218680615-the-friendship-fling,1239.0,3.99,"{""romance"": null, ""friends to lovers"": null, ""contemporary"": null, ""contemporary romance"": null, ""summer"": null, ""fiction"": null, ""slow burn"": null, ""summer reads"": null, ""adult"": null, ""audiobook"": null}",2026-07-21,success,218680615
"Hardly a Gentleman (Accidental Brides, #2)",Eloisa James,https://www.goodreads.com/book/show/216950599-hardly-a-gentleman,526.0,4.07,"{""historical romance"": null, ""romance"": null, ""historical"": null, ""historical fiction"": null, ""regency"": null, ""audiobook"": null, ""scotland"": null, ""fiction"": null, ""adult"": null, ""forced proximity"": null}",2026-07-21,success,216950599
House Party,Chloe   Ford,https://www.goodreads.com/book/show/226136306-house-party,265.0,3.69,"{""romance"": null, ""christmas"": null, ""contemporary"": null, ""forced proximity"": null, ""contemporary romance"": null, ""holiday"": null, ""fiction"": null, ""slow burn"": null, ""british literature"": null, ""ebooks"": null}",2026-07-21,success,226136306
"The Undercutting of Rosie and Adam (Hart and Mercy, #3)",Megan Bannen,https://www.goodreads.com/book/show/215547926-the-undercutting-of-rosie-and-adam,1572.0,4.04,"{""fantasy"": null, ""romance"": null, ""audiobook"": null, ""romantasy"": null, ""dragons"": null, ""fantasy romance"": null, ""fiction"": null, ""adult"": null, ""cozy"": null, ""paranormal"": null}",2026-07-21,success,215547926
The Launch Date,Annabelle Slator,https://www.goodreads.com/book/show/213344054-the-launch-date,1065.0,3.69,"{""romance"": null, ""contemporary"": null, ""enemies to lovers"": null, ""contemporary romance"": null, ""fiction"": null, ""audiobook"": null, ""adult"": null, ""rom com"": null, ""chick lit"": null, ""forced proximity"": null}",2026-07-21,success,213344054
Ready to Score,Jodie Slaughter,https://www.goodreads.com/book/show/217388129-ready-to-score,277.0,3.24,"{""romance"": null, ""lesbian"": null, ""queer"": null, ""lgbt"": null, ""contemporary"": null, ""sports"": null, ""audiobook"": null, ""fiction"": null, ""sports romance"": null, ""adult"": null}",2026-07-21,success,217388129
"Bound (Bound and Unbound, #1)",Ali Hazelwood,https://www.goodreads.com/book/show/242109300-bound,7319.0,3.63,"{""audiobook"": null, ""romance"": null, ""fantasy"": null, ""paranormal"": null, ""vampires"": null, ""romantasy"": null, ""paranormal romance"": null, ""fiction"": null, ""adult"": null, ""dark academia"": null}",2026-07-21,success,242109300
The Heartbreak Hotel,Ellen O'Clover,https://www.goodreads.com/book/show/241122457-the-heartbreak-hotel,,,"{""romance"": null, ""fiction"": null, ""audiobook"": null, ""contemporary"": null, ""contemporary romance"": null, ""adult"": null, ""chick lit"": null, ""grief"": null, ""rom com"": null, ""adult fiction"": null}",2026-07-21,success,241122457
Tell Me How You Really Feel,Betty Cayouette,https://www.goodreads.com/book/show/213260447-tell-me-how-you-really-feel,,,"{""romance"": null, ""contemporary romance"": null, ""contemporary"": null, ""friends to lovers"": null, ""second chance"": null, ""fiction"": null, ""rom com"": null, ""workplace romance"": null, ""adult"": null, ""celebrity"": null}",2026-07-21,success,213260447
Isn't It Obvious?,Rachel Runya Katz,https://www.goodreads.com/book/show/222361669-isn-t-it-obvious,,,"{""romance"": null, ""contemporary"": null, ""fiction"": null, ""contemporary romance"": null, ""lgbt"": null, ""adult"": null, ""queer"": null, ""enemies to lovers"": null, ""audiobook"": null, ""mental health"": null}",2026-07-21,success,222361669
My Roommate from Hell,Cale Dietrich,https://www.goodreads.com/book/show/222361626-my-roommate-from-hell,,,"{""romance"": null, ""fantasy"": null, ""young adult"": null, ""lgbt"": null, ""queer"": null, ""paranormal"": null, ""audiobook"": null, ""contemporary"": null, ""m m romance"": null, ""fiction"": null}",2026-07-21,success,222361626
Our Infinite Fates,Laura   Steven,https://www.goodreads.com/book/show/210395729-our-infinite-fates,17776.0,3.65,"{""fantasy"": null, ""romance"": null, ""romantasy"": null, ""young adult"": null, ""audiobook"": null, ""fiction"": null, ""fantasy romance"": null, ""book club"": null, ""lgbt"": null, ""queer"": null}",2026-07-21,success,210395729
We Met Like This,Kasie West,https://www.goodreads.com/book/show/222376740-we-met-like-this,1891.0,3.81,"{""romance"": null, ""contemporary"": null, ""audiobook"": null, ""adult"": null, ""fiction"": null, ""contemporary romance"": null, ""chick lit"": null, ""rom com"": null, ""second chance"": null, ""second chance romance"": null}",2026-07-21,success,222376740
Never Over,Clare Gilmore,https://www.goodreads.com/book/show/222361618-never-over,,,"{""romance"": null, ""second chance"": null, ""audiobook"": null, ""contemporary romance"": null, ""contemporary"": null, ""fiction"": null, ""adult"": null, ""second chance romance"": null, ""forced proximity"": null, ""friends to lovers"": null}",2026-07-21,success,222361618
Game On,Ki Stephens,https://www.goodreads.com/book/show/222376763-game-on,795.0,3.45,"{""romance"": null, ""sports romance"": null, ""sports"": null, ""contemporary"": null, ""college"": null, ""football"": null, ""college romance"": null, ""new adult"": null, ""audiobook"": null, ""contemporary romance"": null}",2026-07-21,success,222376763
Overdue,Stephanie Perkins,https://www.goodreads.com/book/show/222376487-overdue,2711.0,3.67,"{""romance"": null, ""contemporary"": null, ""fiction"": null, ""audiobook"": null, ""adult"": null, ""contemporary romance"": null, ""friends to lovers"": null, ""chick lit"": null, ""adult fiction"": null, ""books about books"": null}",2026-07-21,success,222376487
The Best Mess,Hannah Loraine,https://www.goodreads.com/book/show/112830122-the-best-mess,13.0,4.33,{},2026-07-21,success,112830122
A Mannequin for Christmas,Timothy Janovsky,https://www.goodreads.com/book/show/222376953-a-mannequin-for-christmas,341.0,3.54,"{""christmas"": null, ""romance"": null, ""holiday"": null, ""lgbt"": null, ""queer"": null, ""fantasy"": null, ""audiobook"": null, ""fiction"": null, ""contemporary"": null, ""adult"": null}",2026-07-21,success,222376953
To Haunt and To Hold,True Sloan,https://www.goodreads.com/book/show/141311971-to-haunt-and-to-hold,7.0,4.76,"{""romance"": null}",2026-07-21,success,141311971
Never Over,Clare Gilmore,https://www.goodreads.com/book/show/222376762-never-over,2633.0,3.74,"{""romance"": null, ""second chance"": null, ""audiobook"": null, ""contemporary romance"": null, ""contemporary"": null, ""fiction"": null, ""adult"": null, ""second chance romance"": null, ""forced proximity"": null, ""friends to lovers"": null}",2026-07-21,success,222376762
Flirting with Disaster,Naina Kumar,https://www.goodreads.com/book/show/211399750-flirting-with-disaster,1536.0,3.49,"{""romance"": null, ""fiction"": null, ""second chance"": null, ""contemporary"": null, ""contemporary romance"": null, ""audiobook"": null, ""second chance romance"": null, ""forced proximity"": null, ""adult"": null, ""chick lit"": null}",2026-07-21,success,211399750
The Love Simulation,Etta Easton,https://www.goodreads.com/book/show/214268995-the-love-simulation,562.0,3.42,"{""romance"": null, ""contemporary"": null, ""contemporary romance"": null, ""audiobook"": null, ""adult"": null, ""forced proximity"": null, ""workplace romance"": null, ""fiction"": null, ""chick lit"": null, ""adult fiction"": null}",2026-07-21,success,214268995
book_242000418,,https://www.goodreads.com/book/show/242000418-the-someday-garden,4016.0,3.92,"{""romance"": null, ""magical realism"": null, ""fantasy"": null, ""fiction"": null, ""audiobook"": null, ""contemporary"": null, ""summer"": null, ""contemporary romance"": null, ""adult"": null, ""summer reads"": null}",2026-07-21,success,242000418
book_242624490,,https://www.goodreads.com/book/show/242624490-harvest-season,3795.0,4.17,"{""dark romance"": null, ""romance"": null, ""audiobook"": null, ""dark"": null, ""thriller"": null, ""contemporary"": null, ""fiction"": null, ""horror"": null, ""spicy"": null, ""adult"": null}",2026-07-21,success,242624490
book_242252957,,https://www.goodreads.com/book/show/242252957-the-shampoo-effect,2277.0,3.84,"{""fiction"": null, ""summer"": null, ""romance"": null, ""summer reads"": null, ""contemporary"": null, ""audiobook"": null, ""book club"": null, ""literary fiction"": null, ""beach reads"": null, ""adult fiction"": null}",2026-07-21,success,242252957
book_241039981,,https://www.goodreads.com/book/show/241039981-the-missed-connection,1424.0,3.64,"{""romance"": null, ""fiction"": null, ""contemporary"": null, ""contemporary romance"": null, ""audiobook"": null, ""summer"": null, ""adult"": null, ""chick lit"": null, ""summer reads"": null, ""rom com"": null}",2026-07-21,success,241039981
book_241686780,,https://www.goodreads.com/book/show/241686780-tropesick,4115.0,3.63,"{""romance"": null, ""contemporary"": null, ""second chance"": null, ""audiobook"": null, ""contemporary romance"": null, ""forced proximity"": null, ""fiction"": null, ""magical realism"": null, ""summer"": null, ""adult"": null}",2026-07-21,success,241686780
book_242232422,,https://www.goodreads.com/book/show/242232422-a-darker-shore,1338.0,4.58,"{""fantasy"": null, ""young adult"": null, ""fiction"": null, ""romance"": null, ""novella"": null, ""short stories"": null, ""young adult fantasy"": null, ""high fantasy"": null, ""romantasy"": null, ""adventure"": null}",2026-07-21,success,242232422
book_242552365,,https://www.goodreads.com/book/show/242552365-when-you-loved-me,,,,2026-07-21,error_202,242552365
book_240381483,,https://www.goodreads.com/book/show/240381483-the-very-definition-of-love,,,,2026-07-21,error_202,240381483
book_240019961,,https://www.goodreads.com/book/show/240019961-scandal-of-the-summer,,,,2026-07-21,error_202,240019961
book_243725515,,https://www.goodreads.com/book/show/243725515-brighter-than-before,,,,2026-07-21,error_202,243725515
book_242000520,,https://www.goodreads.com/book/show/242000520-abby-offsides,,,,2026-07-21,error_202,242000520
book_249322104,,https://www.goodreads.com/book/show/249322104-north-country,,,,2026-07-21,error_202,249322104
book_240019702,,https://www.goodreads.com/book/show/240019702-you-won-t-forget-me,,,,2026-07-21,error_202,240019702
book_242974934,,https://www.goodreads.com/book/show/242974934-nymph,,,,2026-07-21,error_202,242974934
book_243023638,,https://www.goodreads.com/book/show/243023638-off-the-record,,,,2026-07-21,error_202,243023638
book_235338996,,https://www.goodreads.com/book/show/235338996-rumors-whiskey,,,,2026-07-21,error_202,235338996
book_240019834,,https://www.goodreads.com/book/show/240019834-long-island-girls,,,,2026-07-21,error_202,240019834
book_241723329,,https://www.goodreads.com/book/show/241723329-west-of-forever,,,,2026-07-21,error_202,241723329
book_240469035,,https://www.goodreads.com/book/show/240469035-the-rainy-day-bookshop,,,,2026-07-21,error_202,240469035
book_4701756,,https://www.goodreads.com/book/show/4701756-main-characters,,,,2026-07-21,error_202,4701756
book_242445476,,https://www.goodreads.com/book/show/242445476-skin-contact,,,,2026-07-21,error_202,242445476
book_240019781,,https://www.goodreads.com/book/show/240019781-wasp-s-nest,,,,2026-07-21,error_202,240019781
book_242487181,,https://www.goodreads.com/book/show/242487181-vera-stein-is-fine,,,,2026-07-21,error_202,242487181
book_242974680,,https://www.goodreads.com/book/show/242974680-they-all-fall-in-love-at-the-end,,,,2026-07-21,error_202,242974680
book_241126623,,https://www.goodreads.com/book/show/241126623-puck,,,,2026-07-21,error_202,241126623
book_242512691,,https://www.goodreads.com/book/show/242512691-13-little-love-stories,,,,2026-07-21,error_202,242512691
book_241404777,,https://www.goodreads.com/book/show/241404777-sometime-this-century,,,,2026-07-21,error_202,241404777
book_251932285,,https://www.goodreads.com/book/show/251932285-long-time-coming,,,,2026-07-21,error_202,251932285
book_241096234,,https://www.goodreads.com/book/show/241096234-breakout,,,,2026-07-21,error_202,241096234
book_242253543,,https://www.goodreads.com/book/show/242253543-teach-the-torches-to-burn,,,,2026-07-21,error_202,242253543
book_242734868,,https://www.goodreads.com/book/show/242734868-twenty-something-else,,,,2026-07-21,error_202,242734868
book_242026436,,https://www.goodreads.com/book/show/242026436-lead-me-home,,,,2026-07-21,error_202,242026436
book_239922403,,https://www.goodreads.com/book/show/239922403-a-great-and-powerful-tyranny,,,,2026-07-21,error_202,239922403
book_241687703,,https://www.goodreads.com/book/show/241687703-tangled-roots-wild-dreams,,,,2026-07-21,error_202,241687703
book_250168836,,https://www.goodreads.com/book/show/250168836-part-of-your-world,,,,2026-07-21,error_202,250168836
book_241686773,,https://www.goodreads.com/book/show/241686773-encore,,,,2026-07-21,error_202,241686773
book_242504370,,https://www.goodreads.com/book/show/242504370-the-troublemaker,,,,2026-07-21,error_202,242504370
book_242745694,,https://www.goodreads.com/book/show/242745694-scent-of-hope,,,,2026-07-21,error_202,242745694
book_241095731,,https://www.goodreads.com/book/show/241095731-medicine-wheels,,,,2026-07-21,error_202,241095731
book_241979511,,https://www.goodreads.com/book/show/241979511-the-vacation-shift,,,,2026-07-21,error_202,241979511
book_242253519,,https://www.goodreads.com/book/show/242253519-the-abduction-of-rosalind-thorne,,,,2026-07-21,error_202,242253519
book_252187899,,https://www.goodreads.com/book/show/252187899-scoundrel-of-claymore-keep,,,,2026-07-21,error_202,252187899
book_252236933,,https://www.goodreads.com/book/show/252236933-a-heart-s-hope,,,,2026-07-21,error_202,252236933
book_240019607,,https://www.goodreads.com/book/show/240019607-the-shippers,,,,2026-07-21,error_202,240019607
book_240687664,,https://www.goodreads.com/book/show/240687664-phoebe-berman-s-gonna-lose-it,,,,2026-07-21,error_202,240687664
book_240687665,,https://www.goodreads.com/book/show/240687665-dolly-all-the-time,,,,2026-07-21,error_202,240687665
book_240114457,,https://www.goodreads.com/book/show/240114457-first-and-forever,,,,2026-07-21,error_202,240114457
book_237615322,,https://www.goodreads.com/book/show/237615322-behind-five-willows,,,,2026-07-21,error_202,237615322
book_239453881,,https://www.goodreads.com/book/show/239453881-bad-boy-era,,,,2026-07-21,error_202,239453881
book_240407143,,https://www.goodreads.com/book/show/240407143-the-summer-of-second-chances,,,,2026-07-21,error_202,240407143
book_240468393,,https://www.goodreads.com/book/show/240468393-the-library-of-flowers,,,,2026-07-21,error_202,240468393
book_241039359,,https://www.goodreads.com/book/show/241039359-score,,,,2026-07-21,error_202,241039359
book_240381489,,https://www.goodreads.com/book/show/240381489-take-me-with-you,,,,2026-07-21,error_202,240381489
book_242508996,,https://www.goodreads.com/book/show/242508996-student-union,,,,2026-07-21,error_202,242508996
book_240382299,,https://www.goodreads.com/book/show/240382299-safari-murder-party,,,,2026-07-21,error_202,240382299
book_241805132,,https://www.goodreads.com/book/show/241805132-rolls-and-rivalry,,,,2026-07-21,error_202,241805132
book_240688508,,https://www.goodreads.com/book/show/240688508-the-summer-share,,,,2026-07-21,error_202,240688508
book_241126760,,https://www.goodreads.com/book/show/241126760-romantic-hero,,,,2026-07-21,error_202,241126760
book_241715937,,https://www.goodreads.com/book/show/241715937-good-at-being-alive,,,,2026-07-21,error_202,241715937
book_242000442,,https://www.goodreads.com/book/show/242000442-chase-me-if-you-can,,,,2026-07-21,error_202,242000442
book_241434385,,https://www.goodreads.com/book/show/241434385-the-summer-girlfriend,,,,2026-07-21,error_202,241434385
book_241651902,,https://www.goodreads.com/book/show/241651902-not-good-neighbors,,,,2026-07-21,error_202,241651902
book_242975280,,https://www.goodreads.com/book/show/242975280-the-great-outdoors,,,,2026-07-21,error_202,242975280
book_241097263,,https://www.goodreads.com/book/show/241097263-games,,,,2026-07-21,error_202,241097263
book_241715913,,https://www.goodreads.com/book/show/241715913-in-every-possible-way,622.0,4.05,"{""romance"": null, ""magical realism"": null, ""contemporary romance"": null, ""contemporary"": null, ""ireland"": null, ""fiction"": null, ""adult"": null, ""audiobook"": null, ""forced proximity"": null, ""magic"": null}",2026-07-21,success,241715913
book_241716298,,https://www.goodreads.com/book/show/241716298-leave-and-come-back,316.0,4.1,"{""romance"": null, ""contemporary"": null, ""fiction"": null, ""adult"": null, ""audiobook"": null, ""contemporary romance"": null, ""canada"": null, ""summer reads"": null, ""rom com"": null, ""summer"": null}",2026-07-21,success,241716298
book_242977972,,https://www.goodreads.com/book/show/242977972-worse-than-strangers,189.0,3.62,"{""romance"": null, ""summer"": null, ""contemporary"": null, ""retellings"": null, ""fiction"": null, ""summer reads"": null, ""contemporary romance"": null, ""adult"": null, ""audiobook"": null, ""beach reads"": null}",2026-07-21,success,242977972
book_240019632,,https://www.goodreads.com/book/show/240019632-checking-you-out,159.0,3.25,"{""romance"": null, ""young adult"": null, ""contemporary"": null, ""books about books"": null, ""young adult romance"": null, ""fiction"": null, ""contemporary romance"": null, ""high school"": null, ""teen"": null, ""ebooks"": null}",2026-07-21,success,240019632
book_242445304,,https://www.goodreads.com/book/show/242445304-big-stick-energy,614.0,4.12,"{""romance"": null, ""sports romance"": null, ""hockey"": null, ""sports"": null, ""hockey romance"": null, ""fake dating"": null, ""contemporary"": null, ""contemporary romance"": null, ""fiction"": null, ""workplace romance"": null}",2026-07-21,success,242445304
book_240019933,,https://www.goodreads.com/book/show/240019933-the-guest-book,142.0,3.9,"{""romance"": null, ""lesbian"": null, ""contemporary"": null, ""lgbt"": null, ""fiction"": null, ""queer"": null, ""adult"": null, ""contemporary romance"": null, ""lesbian fiction"": null, ""adventure"": null}",2026-07-21,success,240019933
book_240020005,,https://www.goodreads.com/book/show/240020005-bump-set-sparks,125.0,3.55,"{""romance"": null, ""sports"": null, ""lesbian"": null, ""queer"": null, ""contemporary"": null, ""sports romance"": null, ""lgbt"": null, ""adult"": null, ""fiction"": null, ""enemies to lovers"": null}",2026-07-21,success,240020005
book_254461683,,https://www.goodreads.com/book/show/254461683-knight-s-obsession,70.0,4.46,"{""romantic suspense"": null, ""romance"": null, ""contemporary romance"": null, ""mystery"": null, ""friends to lovers"": null}",2026-07-21,success,254461683
book_211088550,,https://www.goodreads.com/book/show/211088550-one-for-the-road,287.0,4.17,"{""romance"": null, ""contemporary romance"": null, ""fake dating"": null, ""forced proximity"": null, ""scotland"": null, ""contemporary"": null, ""adult"": null, ""found family"": null, ""enemies to lovers"": null, ""small town romance"": null}",2026-07-21,success,211088550
book_245803183,,https://www.goodreads.com/book/show/245803183-a-lick-and-a-promise,132.0,4.31,"{""romance"": null, ""contemporary romance"": null, ""contemporary"": null, ""second chance"": null, ""romantic suspense"": null, ""audiobook"": null, ""second chance romance"": null, ""adult"": null, ""crime"": null, ""suspense"": null}",2026-07-21,success,245803183
book_245875483,,https://www.goodreads.com/book/show/245875483-be-with-me,160.0,4.23,"{""small town romance"": null, ""contemporary romance"": null, ""firefighters"": null, ""romance"": null, ""contemporary"": null}",2026-07-21,success,245875483
book_250931442,,https://www.goodreads.com/book/show/250931442-hold-me-close,101.0,4.26,"{""audiobook"": null, ""dark romance"": null, ""romantic suspense"": null, ""romance"": null, ""suspense"": null, ""forced proximity"": null, ""thriller"": null, ""mafia romance"": null, ""dark"": null, ""contemporary"": null}",2026-07-21,success,250931442
book_249187563,,https://www.goodreads.com/book/show/249187563-redline,90.0,4.25,"{""sports romance"": null, ""romance"": null, ""contemporary romance"": null, ""enemies to lovers"": null}",2026-07-21,success,249187563
book_236117098,,https://www.goodreads.com/book/show/236117098-the-last-page,1120.0,3.7,"{""romance"": null, ""contemporary"": null, ""books about books"": null, ""contemporary romance"": null, ""fiction"": null, ""adult"": null, ""audiobook"": null, ""enemies to lovers"": null, ""chick lit"": null, ""forced proximity"": null}",2026-07-21,success,236117098
book_240019684,,https://www.goodreads.com/book/show/240019684-burnout-summer,594.0,3.71,"{""romance"": null, ""friends to lovers"": null, ""summer"": null, ""contemporary"": null, ""fiction"": null, ""contemporary romance"": null, ""audiobook"": null, ""summer reads"": null, ""chick lit"": null, ""slow burn"": null}",2026-07-21,success,240019684
book_240019872,,https://www.goodreads.com/book/show/240019872-soon-by-you,288.0,4.02,"{""romance"": null, ""jewish"": null, ""fiction"": null, ""contemporary"": null, ""contemporary romance"": null, ""adult"": null, ""new york"": null, ""judaism"": null, ""adult fiction"": null, ""audiobook"": null}",2026-07-21,success,240019872
book_240075752,,https://www.goodreads.com/book/show/240075752-out-of-her-league,1105.0,3.77,"{""romance"": null, ""fake dating"": null, ""audiobook"": null, ""sports romance"": null, ""forced proximity"": null, ""contemporary romance"": null, ""sports"": null, ""contemporary"": null, ""adult"": null, ""soccer"": null}",2026-07-21,success,240075752
book_240123102,,https://www.goodreads.com/book/show/240123102-reality-bites,166.0,3.9,"{""romance"": null, ""fiction"": null, ""contemporary"": null, ""rom com"": null, ""contemporary romance"": null, ""audiobook"": null, ""enemies to lovers"": null, ""family drama"": null, ""chick lit"": null, ""adult"": null}",2026-07-21,success,240123102
book_240687683,,https://www.goodreads.com/book/show/240687683-by-the-bootstraps,245.0,3.78,"{""romance"": null, ""audiobook"": null, ""cowboy romance"": null, ""fiction"": null, ""contemporary"": null, ""contemporary romance"": null, ""african american romance"": null, ""black author"": null, ""small town romance"": null, ""sports romance"": null}",2026-07-21,success,240687683
book_243315587,,https://www.goodreads.com/book/show/243315587-love-among-thieves,114.0,3.83,"{""romance"": null, ""contemporary"": null, ""contemporary romance"": null, ""fiction"": null, ""audiobook"": null, ""canada"": null, ""adult"": null}",2026-07-21,success,243315587
book_240351087,,https://www.goodreads.com/book/show/240351087-my-brilliant-ai-boyfriend,89.0,3.24,"{""romance"": null, ""audiobook"": null, ""stem"": null, ""enemies to lovers"": null, ""contemporary romance"": null}",2026-07-21,success,240351087
book_242977956,,https://www.goodreads.com/book/show/242977956-queerleaders,59.0,3.72,"{""young adult"": null, ""lgbt"": null, ""sports"": null, ""romance"": null, ""contemporary"": null, ""lesbian"": null, ""queer"": null, ""audiobook"": null, ""fiction"": null, ""young adult romance"": null}",2026-07-21,success,242977956
book_251780318,,https://www.goodreads.com/book/show/251780318-find-me-at-the-table,31.0,4.46,"{""contemporary romance"": null, ""romance"": null, ""christian fiction"": null}",2026-07-21,success,251780318
book_245037434,,https://www.goodreads.com/book/show/245037434-rein-me-in,252.0,3.74,"{""romance"": null, ""cowboy romance"": null, ""enemies to lovers"": null, ""small town romance"": null, ""romantic comedy"": null, ""contemporary"": null, ""he falls first"": null, ""westerns"": null, ""contemporary romance"": null, ""audiobook"": null}",2026-07-21,success,245037434
book_242083246,,https://www.goodreads.com/book/show/242083246-not-precisely-mr-knightley,133.0,4.0,"{""romance"": null, ""christian"": null, ""contemporary"": null, ""christian fiction"": null, ""fiction"": null, ""audiobook"": null, ""australia"": null, ""contemporary romance"": null, ""clean romance"": null, ""retellings"": null}",2026-07-21,success,242083246
book_250420226,,https://www.goodreads.com/book/show/250420226-beauty-and-the-bad-boy,104.0,4.27,"{""romance"": null, ""enemies to lovers"": null, ""young adult"": null, ""contemporary romance"": null, ""slow burn"": null, ""second chance romance"": null, ""young adult contemporary"": null, ""closed door romance"": null, ""young adult romance"": null, ""clean romance"": null}",2026-07-21,success,250420226
book_237141959,,https://www.goodreads.com/book/show/237141959-boy-friends,92.0,3.96,"{""young adult"": null, ""queer"": null, ""romance"": null, ""lgbt"": null, ""contemporary"": null, ""m m romance"": null, ""gay"": null, ""contemporary romance"": null}",2026-07-21,success,237141959
book_243448003,,https://www.goodreads.com/book/show/243448003-stolen-hope,59.0,3.91,"{""westerns"": null, ""contemporary romance"": null, ""romance"": null, ""family"": null, ""contemporary"": null}",2026-07-21,success,243448003
book_236453175,,https://www.goodreads.com/book/show/236453175-first-dates-at-the-cat-caf,36.0,3.92,"{""romance"": null, ""contemporary romance"": null}",2026-07-21,success,236453175
book_244129732,,https://www.goodreads.com/book/show/244129732-killer-remains,40.0,4.65,"{""romantic suspense"": null, ""contemporary romance"": null}",2026-07-21,success,244129732
book_213574919,,https://www.goodreads.com/book/show/213574919-light-wielder,5178.0,3.88,"{""fantasy"": null, ""romantasy"": null, ""romance"": null, ""audiobook"": null, ""fantasy romance"": null, ""magic"": null, ""fiction"": null, ""enemies to lovers"": null, ""adult"": null}",2026-07-21,success,213574919
book_241471008,,https://www.goodreads.com/book/show/241471008-this-immortal-heart,538.0,3.94,"{""mythology"": null, ""fantasy"": null, ""greek mythology"": null, ""romance"": null, ""retellings"": null, ""historical fiction"": null, ""fiction"": null, ""adult"": null, ""historical"": null, ""romantasy"": null}",2026-07-21,success,241471008
book_241673771,,https://www.goodreads.com/book/show/241673771-the-secret-world-of-briar-rose,1064.0,3.23,"{""fantasy"": null, ""romance"": null, ""young adult"": null, ""lgbt"": null, ""lesbian"": null, ""retellings"": null, ""queer"": null, ""fiction"": null, ""young adult fantasy"": null, ""romantasy"": null}",2026-07-21,success,241673771
book_209116944,,https://www.goodreads.com/book/show/209116944-shattered-gods,587.0,3.27,"{""romance"": null, ""dark romance"": null, ""fantasy"": null, ""mythology"": null, ""smut"": null, ""spicy"": null, ""romantasy"": null, ""audiobook"": null, ""greek mythology"": null, ""retellings"": null}",2026-07-21,success,209116944
book_231147886,,https://www.goodreads.com/book/show/231147886-the-river-she-became,653.0,3.68,"{""fantasy"": null, ""romantasy"": null, ""young adult"": null, ""romance"": null, ""audiobook"": null, ""fae"": null, ""fiction"": null, ""young adult fantasy"": null, ""fantasy romance"": null, ""adventure"": null}",2026-07-21,success,231147886
book_237615241,,https://www.goodreads.com/book/show/237615241-all-we-hunger-for,225.0,3.87,"{""fantasy"": null, ""young adult"": null, ""romance"": null, ""romantasy"": null, ""fiction"": null, ""young adult fantasy"": null, ""audiobook"": null, ""food"": null, ""fantasy romance"": null, ""cozy fantasy"": null}",2026-07-21,success,237615241
book_242254253,,https://www.goodreads.com/book/show/242254253-the-winged-game,1022.0,4.13,"{""fantasy"": null, ""romantasy"": null, ""romance"": null, ""sports"": null, ""sports romance"": null, ""adult"": null, ""fantasy romance"": null, ""enemies to lovers"": null, ""fiction"": null, ""urban fantasy"": null}",2026-07-21,success,242254253
book_239453913,,https://www.goodreads.com/book/show/239453913-night-witch,779.0,3.82,"{""fantasy"": null, ""romantasy"": null, ""romance"": null, ""witches"": null, ""paranormal"": null, ""dark academia"": null, ""audiobook"": null, ""magic"": null, ""adult"": null, ""fantasy romance"": null}",2026-07-21,success,239453913
book_243502788,,https://www.goodreads.com/book/show/243502788-white-lights,222.0,3.38,"{""fantasy"": null, ""romantasy"": null, ""romance"": null, ""dark academia"": null, ""adult"": null, ""fiction"": null, ""angels"": null, ""urban fantasy"": null, ""paranormal"": null, ""paranormal romance"": null}",2026-07-21,success,243502788
book_242337623,,https://www.goodreads.com/book/show/242337623-shadow-reaper,1277.0,4.17,"{""fantasy"": null, ""young adult"": null, ""romantasy"": null, ""romance"": null, ""young adult fantasy"": null, ""magic"": null, ""audiobook"": null, ""enemies to lovers"": null, ""fiction"": null, ""fantasy romance"": null}",2026-07-21,success,242337623
book_241180733,,https://www.goodreads.com/book/show/241180733-the-unmagical-life-of-briar-jones,629.0,4.0,"{""fantasy"": null, ""dark academia"": null, ""romance"": null, ""queer"": null, ""lgbt"": null, ""young adult"": null, ""fiction"": null, ""audiobook"": null, ""adult"": null, ""romantasy"": null}",2026-07-21,success,241180733
book_241075842,,https://www.goodreads.com/book/show/241075842-nobody-s-quest,404.0,3.77,"{""fantasy"": null, ""romantasy"": null, ""romance"": null, ""fantasy romance"": null, ""audiobook"": null, ""adult"": null, ""fiction"": null, ""magic"": null, ""forced proximity"": null, ""slow burn"": null}",2026-07-21,success,241075842
book_216815886,,https://www.goodreads.com/book/show/216815886-when-dealing-with-dragons,544.0,4.35,"{""fantasy"": null, ""dragons"": null, ""romance"": null, ""young adult"": null, ""romantasy"": null, ""young adult fantasy"": null, ""audiobook"": null, ""fiction"": null, ""found family"": null, ""magic"": null}",2026-07-21,success,216815886
book_228342249,,https://www.goodreads.com/book/show/228342249-kingdom-of-waves,177.0,3.62,"{""fantasy"": null, ""young adult"": null, ""romance"": null, ""romantasy"": null, ""audiobook"": null, ""fiction"": null, ""fantasy romance"": null, ""young adult fantasy"": null, ""ya romantasy"": null}",2026-07-21,success,228342249
book_241075768,,https://www.goodreads.com/book/show/241075768-the-raven-at-the-ash-door,,,,2026-07-21,error_202,241075768
book_237615315,,https://www.goodreads.com/book/show/237615315-tides-of-fortune,,,,2026-07-21,error_202,237615315
book_242970579,,https://www.goodreads.com/book/show/242970579-the-shrouded-queen,,,,2026-07-21,error_202,242970579
book_240019881,,https://www.goodreads.com/book/show/240019881-witch-season,,,,2026-07-21,error_202,240019881
book_241715943,,https://www.goodreads.com/book/show/241715943-the-reimagining-of-thornwood-house,,,,2026-07-21,error_202,241715943
book_241715576,,https://www.goodreads.com/book/show/241715576-dearly-departed,,,,2026-07-21,error_202,241715576
book_241715574,,https://www.goodreads.com/book/show/241715574-dhampira,,,,2026-07-21,error_202,241715574
book_243010474,,https://www.goodreads.com/book/show/243010474-a-prince-among-pirates,,,,2026-07-21,error_202,243010474
book_236933692,,https://www.goodreads.com/book/show/236933692-a-magic-so-deadly,,,,2026-07-21,error_202,236933692
book_241716289,,https://www.goodreads.com/book/show/241716289-wildflower,,,,2026-07-21,error_202,241716289
book_241096389,,https://www.goodreads.com/book/show/241096389-their-will-undone,,,,2026-07-21,error_202,241096389
book_244488878,,https://www.goodreads.com/book/show/244488878-shadows-of-sparta,,,,2026-07-21,error_202,244488878
book_244722047,,https://www.goodreads.com/book/show/244722047-the-feywild-job,,,,2026-07-21,error_202,244722047
book_241434390,,https://www.goodreads.com/book/show/241434390-letters-from-the-last-apothecary,,,,2026-07-21,error_202,241434390
book_241638415,,https://www.goodreads.com/book/show/241638415-this-blade-of-ours,,,,2026-07-21,error_202,241638415
book_242445240,,https://www.goodreads.com/book/show/242445240-endless-blue-beneath,,,,2026-07-21,error_202,242445240
book_211119622,,https://www.goodreads.com/book/show/211119622-the-anatomy-of-magic,,,,2026-07-21,error_202,211119622
book_218587802,,https://www.goodreads.com/book/show/218587802-a-masterpiece-in-blood,,,,2026-07-21,error_202,218587802
book_237615255,,https://www.goodreads.com/book/show/237615255-cursed-ever-after,,,,2026-07-21,error_202,237615255
book_249153888,,https://www.goodreads.com/book/show/249153888-veil-of-web-and-ruin,,,,2026-07-21,error_202,249153888
book_242985760,,https://www.goodreads.com/book/show/242985760-samantha-sp-k,,,,2026-07-21,error_202,242985760
book_240687296,,https://www.goodreads.com/book/show/240687296-the-hyacinth-labyrinth,,,,2026-07-21,error_202,240687296
book_237522373,,https://www.goodreads.com/book/show/237522373-the-wildborn,,,,2026-07-21,error_202,237522373
book_201821513,,https://www.goodreads.com/book/show/201821513-the-dawn-throne,,,,2026-07-21,error_202,201821513
book_239860516,,https://www.goodreads.com/book/show/239860516-one-knight-stand,,,,2026-07-21,error_202,239860516
book_220624470,,https://www.goodreads.com/book/show/220624470-love-gods-and-sinners,,,,2026-07-21,error_202,220624470
book_252104390,,https://www.goodreads.com/book/show/252104390-these-immortal-truths,,,,2026-07-21,error_202,252104390
book_247358288,,https://www.goodreads.com/book/show/247358288-undying,,,,2026-07-21,error_202,247358288
book_237614280,,https://www.goodreads.com/book/show/237614280-the-love-library,,,,2026-07-21,error_202,237614280
book_248358132,,https://www.goodreads.com/book/show/248358132-the-ties-that-bind-us,,,,2026-07-21,error_202,248358132
book_229821743,,https://www.goodreads.com/book/show/229821743-a-masquerade-of-shadows,,,,2026-07-21,error_202,229821743
book_240104252,,https://www.goodreads.com/book/show/240104252-hunt-the-ever-wild,,,,2026-07-21,error_202,240104252
book_250633748,,https://www.goodreads.com/book/show/250633748-harried-witch,,,,2026-07-21,error_202,250633748
book_245740905,,https://www.goodreads.com/book/show/245740905-dance-of-nothing,,,,2026-07-21,error_202,245740905
book_249383361,,https://www.goodreads.com/book/show/249383361-the-prince-s-sacrifice,,,,2026-07-21,error_202,249383361
book_252496993,,https://www.goodreads.com/book/show/252496993-emmawyn-and-her-dragoneer,,,,2026-07-21,error_202,252496993
book_216815055,,https://www.goodreads.com/book/show/216815055-the-ballad-of-falling-dragons,,,,2026-07-21,error_202,216815055
book_234292647,,https://www.goodreads.com/book/show/234292647-fury-bound,,,,2026-07-21,error_202,234292647
book_238377617,,https://www.goodreads.com/book/show/238377617-broken-dove,,,,2026-07-21,error_202,238377617
book_247015352,,https://www.goodreads.com/book/show/247015352-because-i-killed-him,,,,2026-07-21,error_202,247015352
book_240019870,,https://www.goodreads.com/book/show/240019870-seek-the-traitor-s-son,,,,2026-07-21,error_202,240019870
book_240019782,,https://www.goodreads.com/book/show/240019782-storm-breaker,,,,2026-07-21,error_202,240019782
book_238743626,,https://www.goodreads.com/book/show/238743626-verity-guild,,,,2026-07-21,error_202,238743626
book_241126804,,https://www.goodreads.com/book/show/241126804-bromantasy,,,,2026-07-21,error_202,241126804
book_239779039,,https://www.goodreads.com/book/show/239779039-strange-familiars,,,,2026-07-21,error_202,239779039
book_240019955,,https://www.goodreads.com/book/show/240019955-death-s-daughter,,,,2026-07-21,error_202,240019955
book_241075755,,https://www.goodreads.com/book/show/241075755-the-kings-list,,,,2026-07-21,error_202,241075755
book_252479371,,https://www.goodreads.com/book/show/252479371-veiled-court,,,,2026-07-21,error_202,252479371
book_240019965,,https://www.goodreads.com/book/show/240019965-a-curse-of-beasts-and-magic,,,,2026-07-21,error_202,240019965
book_241039404,,https://www.goodreads.com/book/show/241039404-the-lost-book-of-lancelot,,,,2026-07-21,error_202,241039404
book_240019548,,https://www.goodreads.com/book/show/240019548-the-fake-divination-offense,,,,2026-07-21,error_202,240019548
book_240424548,,https://www.goodreads.com/book/show/240424548-the-arcane-arts,,,,2026-07-21,error_202,240424548
book_240383102,,https://www.goodreads.com/book/show/240383102-a-sprinkle-of-sweet-serendipity,224.0,3.92,"{""romance"": null, ""magical realism"": null, ""contemporary"": null, ""fantasy"": null, ""food"": null, ""fiction"": null, ""adult fiction"": null, ""contemporary romance"": null, ""audiobook"": null, ""summer"": null}",2026-07-21,success,240383102
book_240019867,,https://www.goodreads.com/book/show/240019867-the-cupid-dilemma,,,,2026-07-21,error_202,240019867
book_220525868,,https://www.goodreads.com/book/show/220525868-all-hail-chaos,,,,2026-07-21,error_202,220525868
book_240687976,,https://www.goodreads.com/book/show/240687976-a-queen-crowned-in-flames,,,,2026-07-21,error_202,240687976
book_240123104,,https://www.goodreads.com/book/show/240123104-a-dark-and-wild-wood,,,,2026-07-21,error_202,240123104
book_241039470,,https://www.goodreads.com/book/show/241039470-a-kiss-of-crimson-ash,,,,2026-07-21,error_202,241039470
book_241406619,,https://www.goodreads.com/book/show/241406619-nemesis-mine,,,,2026-07-21,error_202,241406619
book_239779041,,https://www.goodreads.com/book/show/239779041-archangel-s-eternity,,,,2026-07-21,error_202,239779041
book_244967521,,https://www.goodreads.com/book/show/244967521-the-dreamless,,,,2026-07-21,error_202,244967521
book_221085106,,https://www.goodreads.com/book/show/221085106-unity,,,,2026-07-21,error_202,221085106
book_242978418,,https://www.goodreads.com/book/show/242978418-the-last-best-quest-ever,,,,2026-07-21,error_202,242978418
book_249523542,,https://www.goodreads.com/book/show/249523542-what-darkness-brings,,,,2026-07-21,error_202,249523542
book_240382841,,https://www.goodreads.com/book/show/240382841-a-star-cursed-heart,,,,2026-07-21,error_202,240382841
book_235226725,,https://www.goodreads.com/book/show/235226725-she-knows-all-the-names,,,,2026-07-21,error_202,235226725
book_249384642,,https://www.goodreads.com/book/show/249384642-veil-of-ash,,,,2026-07-21,error_202,249384642
book_236117066,,https://www.goodreads.com/book/show/236117066-you-pierce-my-soul,,,,2026-07-21,error_202,236117066
book_239234467,,https://www.goodreads.com/book/show/239234467-plastic-prism-void,,,,2026-07-21,error_202,239234467
book_243601347,,https://www.goodreads.com/book/show/243601347-king-of-fangs-and-frost,,,,2026-07-21,error_202,243601347
book_246373314,,https://www.goodreads.com/book/show/246373314-a-mark-cursed-by-stars,,,,2026-07-21,error_202,246373314
book_246398101,,https://www.goodreads.com/book/show/246398101-donde-canta-la-oscuridad,,,,2026-07-21,error_202,246398101
book_252658437,,https://www.goodreads.com/book/show/252658437-the-order-of-the-black-tapestry,,,,2026-07-21,error_202,252658437
book_245368546,,https://www.goodreads.com/book/show/245368546-bloodstone,,,,2026-07-21,error_202,245368546
book_249377028,,https://www.goodreads.com/book/show/249377028-chosen-of-the-moon,,,,2026-07-21,error_202,249377028
book_250561417,,https://www.goodreads.com/book/show/250561417-between-the-rival-courts,,,,2026-07-21,error_202,250561417
book_251402684,,https://www.goodreads.com/book/show/251402684-the-lost-thread,,,,2026-07-21,error_202,251402684
book_218657061,,https://www.goodreads.com/book/show/218657061-to-break-a-god,,,,2026-07-21,error_202,218657061
book_243694026,,https://www.goodreads.com/book/show/243694026-the-blade-in-the-ashes,,,,2026-07-21,error_202,243694026
book_236957403,,https://www.goodreads.com/book/show/236957403-wonders-never-cease,,,,2026-07-21,error_202,236957403
book_239192427,,https://www.goodreads.com/book/show/239192427-captured-by-the-vampire-knight,,,,2026-07-21,error_202,239192427
book_249199032,,https://www.goodreads.com/book/show/249199032-the-merman-s-kiss,,,,2026-07-21,error_202,249199032
book_223496396,,https://www.goodreads.com/book/show/223496396-my-thorns-for-your-roses,,,,2026-07-21,error_202,223496396
book_249126735,,https://www.goodreads.com/book/show/249126735-veil-s-edge-in-mahogany,,,,2026-07-21,error_202,249126735
book_253579982,,https://www.goodreads.com/book/show/253579982-draconic-portcullis,,,,2026-07-21,error_202,253579982
